term,zograf_df,roerich_df,zograf_title_share_pct,roerich_title_share_pct,log_odds_zograf_minus_roerich,z_score,distinctive_for
пали,3,18,0.34,3.81,-2.3206,-3.981,Roerich
пураны,1,16,0.11,3.39,-3.0514,-3.578,Roerich
традиция,36,40,4.1,8.47,-0.7708,-3.377,Roerich
древний,9,18,1.03,3.81,-1.3152,-3.295,Roerich
юрий_рерих,0,26,0.0,5.51,-4.6471,-3.255,Roerich
китайский,4,11,0.46,2.33,-1.5774,-2.837,Roerich
средневековый,12,18,1.37,3.81,-1.0373,-2.833,Roerich
тибет,17,22,1.94,4.66,-0.8996,-2.823,Roerich
рерих,0,13,0.0,2.75,-3.9439,-2.739,Roerich
изображение,3,9,0.34,1.91,-1.6345,-2.614,Roerich
пространство,1,7,0.11,1.48,-2.2434,-2.508,Roerich
храм,4,9,0.46,1.91,-1.3821,-2.415,Roerich
центральный,4,9,0.46,1.91,-1.3821,-2.415,Roerich
культура,11,15,1.25,3.18,-0.9383,-2.411,Roerich
азия,3,8,0.34,1.69,-1.5211,-2.395,Roerich
калачакр-тантра,1,6,0.11,1.27,-2.0982,-2.316,Roerich
текстовый,1,6,0.11,1.27,-2.0982,-2.316,Roerich
бенгальский,24,0,2.73,0.0,3.2993,2.31,Zograf
канон,8,12,0.91,2.54,-1.0224,-2.3,Roerich
монгольский,0,7,0.0,1.48,-3.3432,-2.289,Roerich
культ,7,11,0.8,2.33,-1.0632,-2.265,Roerich
трактат,6,10,0.68,2.12,-1.1143,-2.233,Roerich
философия,43,11,4.9,2.33,0.7369,2.222,Zograf
кабинет,0,6,0.0,1.27,-3.1979,-2.179,Roerich
индия,130,51,14.81,10.81,0.3555,2.161,Zograf
учение,19,2,2.16,0.42,1.4516,2.161,Zograf
джайнский,2,6,0.23,1.27,-1.5862,-2.131,Roerich
сакральный,2,6,0.23,1.27,-1.5862,-2.131,Roerich
артхашастр,1,5,0.11,1.06,-1.929,-2.094,Roerich
музей,1,5,0.11,1.06,-1.929,-2.094,Roerich
область,1,5,0.11,1.06,-1.929,-2.094,Roerich
вастувидья,0,5,0.0,1.06,-3.0287,-2.05,Roerich
могольский,0,5,0.0,1.06,-3.0287,-2.05,Roerich
танка,0,5,0.0,1.06,-3.0287,-2.05,Roerich
япония,0,5,0.0,1.06,-3.0287,-2.05,Roerich
японский,0,5,0.0,1.06,-3.0287,-2.05,Roerich
хинди,16,0,1.82,0.0,2.8947,2.017,Zograf
миф,20,3,2.28,0.64,1.1641,2.013,Zograf
источник,14,15,1.59,3.18,-0.7031,-1.924,Roerich
буддист,0,4,0.0,0.85,-2.8259,-1.896,Roerich
имперский,0,4,0.0,0.85,-2.8259,-1.896,Roerich
ирландский,0,4,0.0,0.85,-2.8259,-1.896,Roerich
кочевник,0,4,0.0,0.85,-2.8259,-1.896,Roerich
смена,0,4,0.0,0.85,-2.8259,-1.896,Roerich
субъект,0,4,0.0,0.85,-2.8259,-1.896,Roerich
современный,24,5,2.73,1.06,0.8908,1.888,Zograf
диалект,2,5,0.23,1.06,-1.417,-1.858,Roerich
раннебуддийский,2,5,0.23,1.06,-1.417,-1.858,Roerich
индуистский,13,1,1.48,0.21,1.5898,1.847,Zograf
антология,1,4,0.11,0.85,-1.7262,-1.831,Roerich
живопись,1,4,0.11,0.85,-1.7262,-1.831,Roerich
ив_ран,1,4,0.11,0.85,-1.7262,-1.831,Roerich
царство,1,4,0.11,0.85,-1.7262,-1.831,Roerich
эпоха,1,4,0.11,0.85,-1.7262,-1.831,Roerich
книга,12,1,1.37,0.21,1.5117,1.749,Zograf
роман,12,1,1.37,0.21,1.5117,1.749,Zograf
бхакти,6,8,0.68,1.69,-0.8987,-1.725,Roerich
текст,65,47,7.4,9.96,-0.3268,-1.715,Roerich
аурангабад,0,3,0.0,0.64,-2.5725,-1.702,Roerich
вастувидие,0,3,0.0,0.64,-2.5725,-1.702,Roerich
гималайский,0,3,0.0,0.64,-2.5725,-1.702,Roerich
гость,0,3,0.0,0.64,-2.5725,-1.702,Roerich
доклад,0,3,0.0,0.64,-2.5725,-1.702,Roerich
ишварапратьябхиджень-вимаршиня,0,3,0.0,0.64,-2.5725,-1.702,Roerich
летопись,0,3,0.0,0.64,-2.5725,-1.702,Roerich
период,0,3,0.0,0.64,-2.5725,-1.702,Roerich
праджняпарамит,0,3,0.0,0.64,-2.5725,-1.702,Roerich
стилистика,0,3,0.0,0.64,-2.5725,-1.702,Roerich
строительство,0,3,0.0,0.64,-2.5725,-1.702,Roerich
утпаладев,0,3,0.0,0.64,-2.5725,-1.702,Roerich
ивр_ран,10,0,1.14,0.0,2.4358,1.683,Zograf
панини,10,0,1.14,0.0,2.4358,1.683,Zograf
надпись,5,7,0.57,1.48,-0.9396,-1.674,Roerich
непал,5,7,0.57,1.48,-0.9396,-1.674,Roerich
сказание,11,1,1.25,0.21,1.4272,1.644,Zograf
театр,11,1,1.25,0.21,1.4272,1.644,Zograf
древнеиндийский,16,15,1.82,3.18,-0.5715,-1.616,Roerich
веданта,9,0,1.03,0.0,2.3346,1.609,Zograf
там,9,0,1.03,0.0,2.3346,1.609,Zograf
джатака,3,5,0.34,1.06,-1.0794,-1.579,Roerich
принцип,3,5,0.34,1.06,-1.0794,-1.579,Roerich
ригведа,13,2,1.48,0.42,1.0769,1.564,Zograf
зеркало,2,4,0.23,0.85,-1.2142,-1.539,Roerich
несколько,2,4,0.23,0.85,-1.2142,-1.539,Roerich
путь,2,4,0.23,0.85,-1.2142,-1.539,Roerich
гимн,8,0,0.91,0.0,2.2222,1.527,Zograf
ланка,8,0,0.91,0.0,2.2222,1.527,Zograf
фольклор,8,0,0.91,0.0,2.2222,1.527,Zograf
шанкара,8,0,0.91,0.0,2.2222,1.527,Zograf
археология,1,3,0.11,0.64,-1.4727,-1.509,Roerich
буддология,1,3,0.11,0.64,-1.4727,-1.509,Roerich
воплощение,1,3,0.11,0.64,-1.4727,-1.509,Roerich
заимствование,1,3,0.11,0.64,-1.4727,-1.509,Roerich
замечание,1,3,0.11,0.64,-1.4727,-1.509,Roerich
каутилья,1,3,0.11,0.64,-1.4727,-1.509,Roerich
код,1,3,0.11,0.64,-1.4727,-1.509,Roerich
монастырь,1,3,0.11,0.64,-1.4727,-1.509,Roerich
музыкальный,1,3,0.11,0.64,-1.4727,-1.509,Roerich
обращение,1,3,0.11,0.64,-1.4727,-1.509,Roerich
поворот,1,3,0.11,0.64,-1.4727,-1.509,Roerich
почетный,1,3,0.11,0.64,-1.4727,-1.509,Roerich
чтение,1,3,0.11,0.64,-1.4727,-1.509,Roerich
шастр,1,3,0.11,0.64,-1.4727,-1.509,Roerich
шраута-ритуал,1,3,0.11,0.64,-1.4727,-1.509,Roerich
первый,7,8,0.8,1.69,-0.7544,-1.506,Roerich
век,15,3,1.71,0.64,0.8788,1.485,Zograf
тантра,15,3,1.71,0.64,0.8788,1.485,Zograf
будда,14,13,1.59,2.75,-0.5606,-1.482,Roerich
индуизм,12,2,1.37,0.42,0.9988,1.442,Zograf
параллель,6,7,0.68,1.48,-0.7714,-1.439,Roerich
бхагавадгита,7,0,0.8,0.0,2.0959,1.435,Zograf
зал,7,0,0.8,0.0,2.0959,1.435,Zograf
упанишад,7,0,0.8,0.0,2.0959,1.435,Zograf
неварский,9,1,1.03,0.21,1.2338,1.404,Zograf
терминология,9,1,1.03,0.21,1.2338,1.404,Zograf
ведийский,24,7,2.73,1.48,0.5764,1.381,Zograf
время,5,6,0.57,1.27,-0.7943,-1.371,Roerich
описание,5,6,0.57,1.27,-0.7943,-1.371,Roerich
поэтический,5,6,0.57,1.27,-0.7943,-1.371,Roerich
санскрит,38,28,4.33,5.93,-0.3363,-1.361,Roerich
абхидхарма,6,0,0.68,0.0,1.9516,1.33,Zograf
вивекананда,6,0,0.68,0.0,1.9516,1.33,Zograf
диаспора,6,0,0.68,0.0,1.9516,1.33,Zograf
маэ,6,0,0.68,0.0,1.9516,1.33,Zograf
мифология,6,0,0.68,0.0,1.9516,1.33,Zograf
мунда,6,0,0.68,0.0,1.9516,1.33,Zograf
племя,6,0,0.68,0.0,1.9516,1.33,Zograf
рушдить,6,0,0.68,0.0,1.9516,1.33,Zograf
смысл,6,0,0.68,0.0,1.9516,1.33,Zograf
фольклорный,6,0,0.68,0.0,1.9516,1.33,Zograf
фонд,6,0,0.68,0.0,1.9516,1.33,Zograf
христианский,6,0,0.68,0.0,1.9516,1.33,Zograf
наука,4,5,0.46,1.06,-0.8269,-1.301,Roerich
индоевропейский,8,1,0.91,0.21,1.1215,1.266,Zograf
народный,8,1,0.91,0.21,1.1215,1.266,Zograf
творчество,8,1,0.91,0.21,1.1215,1.266,Zograf
царь,8,1,0.91,0.21,1.1215,1.266,Zograf
южный,8,1,0.91,0.21,1.1215,1.266,Zograf
махабхарат,13,3,1.48,0.64,0.7383,1.231,Zograf
между,3,4,0.34,0.85,-0.8766,-1.23,Roerich
москва,3,4,0.34,0.85,-0.8766,-1.23,Roerich
отражение,3,4,0.34,0.85,-0.8766,-1.23,Roerich
скульптура,3,4,0.34,0.85,-0.8766,-1.23,Roerich
цикл,3,4,0.34,0.85,-0.8766,-1.23,Roerich
часть,3,4,0.34,0.85,-0.8766,-1.23,Roerich
абхинавагупта,7,7,0.8,1.48,-0.6271,-1.214,Roerich
британский,5,0,0.57,0.0,1.7834,1.207,Zograf
вакьяпадий,5,0,0.57,0.0,1.7834,1.207,Zograf
вариант,5,0,0.57,0.0,1.7834,1.207,Zograf
ведды,5,0,0.57,0.0,1.7834,1.207,Zograf
ганди,5,0,0.57,0.0,1.7834,1.207,Zograf
женский,5,0,0.57,0.0,1.7834,1.207,Zograf
мантра,5,0,0.57,0.0,1.7834,1.207,Zograf
мыслитель,5,0,0.57,0.0,1.7834,1.207,Zograf
наследие,5,0,0.57,0.0,1.7834,1.207,Zograf
оберхаммер,5,0,0.57,0.0,1.7834,1.207,Zograf
освобождение,5,0,0.57,0.0,1.7834,1.207,Zograf
протоиндийский,5,0,0.57,0.0,1.7834,1.207,Zograf
размер,5,0,0.57,0.0,1.7834,1.207,Zograf
раманудж,5,0,0.57,0.0,1.7834,1.207,Zograf
религиозно-философский,5,0,0.57,0.0,1.7834,1.207,Zograf
свами,5,0,0.57,0.0,1.7834,1.207,Zograf
новый,20,6,2.28,1.27,0.5387,1.197,Zograf
рукопись,10,2,1.14,0.42,0.8221,1.168,Zograf
датировка,2,3,0.23,0.64,-0.9607,-1.16,Roerich
конец,2,3,0.23,0.64,-0.9607,-1.16,Roerich
персонаж,2,3,0.23,0.64,-0.9607,-1.16,Roerich
песня,2,3,0.23,0.64,-0.9607,-1.16,Roerich
пещерный,2,3,0.23,0.64,-0.9607,-1.16,Roerich
путешествие,2,3,0.23,0.64,-0.9607,-1.16,Roerich
соотношение,2,3,0.23,0.64,-0.9607,-1.16,Roerich
стих,2,3,0.23,0.64,-0.9607,-1.16,Roerich
начало,6,6,0.68,1.27,-0.6261,-1.129,Roerich
сутра,6,6,0.68,1.27,-0.6261,-1.129,Roerich
традиционный,17,5,1.94,1.06,0.5462,1.117,Zograf
взгляд,7,1,0.8,0.21,0.9951,1.113,Zograf
вишну,7,1,0.8,0.21,0.9951,1.113,Zograf
возрождение,7,1,0.8,0.21,0.9951,1.113,Zograf
грамматика,7,1,0.8,0.21,0.9951,1.113,Zograf
античный,1,2,0.11,0.42,-1.1341,-1.098,Roerich
атрибуция,1,2,0.11,0.42,-1.1341,-1.098,Roerich
ашвагхошить,1,2,0.11,0.42,-1.1341,-1.098,Roerich
бодхисаттва,1,2,0.11,0.42,-1.1341,-1.098,Roerich
вербальный,1,2,0.11,0.42,-1.1341,-1.098,Roerich
визуальный,1,2,0.11,0.42,-1.1341,-1.098,Roerich
власть,1,2,0.11,0.42,-1.1341,-1.098,Roerich
воспоминание,1,2,0.11,0.42,-1.1341,-1.098,Roerich
государственный,1,2,0.11,0.42,-1.1341,-1.098,Roerich
день,1,2,0.11,0.42,-1.1341,-1.098,Roerich
долина,1,2,0.11,0.42,-1.1341,-1.098,Roerich
дурга,1,2,0.11,0.42,-1.1341,-1.098,Roerich
дхармашастр,1,2,0.11,0.42,-1.1341,-1.098,Roerich
жена,1,2,0.11,0.42,-1.1341,-1.098,Roerich
житийный,1,2,0.11,0.42,-1.1341,-1.098,Roerich
иллюзия,1,2,0.11,0.42,-1.1341,-1.098,Roerich
индоарийский,1,2,0.11,0.42,-1.1341,-1.098,Roerich
институт,1,2,0.11,0.42,-1.1341,-1.098,Roerich
исследователь,1,2,0.11,0.42,-1.1341,-1.098,Roerich
камалашила,1,2,0.11,0.42,-1.1341,-1.098,Roerich
манускрипт,1,2,0.11,0.42,-1.1341,-1.098,Roerich
махаваста,1,2,0.11,0.42,-1.1341,-1.098,Roerich
монета,1,2,0.11,0.42,-1.1341,-1.098,Roerich
нарратив,1,2,0.11,0.42,-1.1341,-1.098,Roerich
обозначение,1,2,0.11,0.42,-1.1341,-1.098,Roerich
основный,1,2,0.11,0.42,-1.1341,-1.098,Roerich
отношение,1,2,0.11,0.42,-1.1341,-1.098,Roerich
парадокс,1,2,0.11,0.42,-1.1341,-1.098,Roerich
песенный,1,2,0.11,0.42,-1.1341,-1.098,Roerich
полемика,1,2,0.11,0.42,-1.1341,-1.098,Roerich
почему,1,2,0.11,0.42,-1.1341,-1.098,Roerich
пьеса,1,2,0.11,0.42,-1.1341,-1.098,Roerich
регион,1,2,0.11,0.42,-1.1341,-1.098,Roerich
речевой,1,2,0.11,0.42,-1.1341,-1.098,Roerich
семь,1,2,0.11,0.42,-1.1341,-1.098,Roerich
семья,1,2,0.11,0.42,-1.1341,-1.098,Roerich
серия,1,2,0.11,0.42,-1.1341,-1.098,Roerich
сикхский,1,2,0.11,0.42,-1.1341,-1.098,Roerich
скрябин,1,2,0.11,0.42,-1.1341,-1.098,Roerich
сом,1,2,0.11,0.42,-1.1341,-1.098,Roerich
сочинение,1,2,0.11,0.42,-1.1341,-1.098,Roerich
список,1,2,0.11,0.42,-1.1341,-1.098,Roerich
субъект-пудгала,1,2,0.11,0.42,-1.1341,-1.098,Roerich
сундарара,1,2,0.11,0.42,-1.1341,-1.098,Roerich
топоним,1,2,0.11,0.42,-1.1341,-1.098,Roerich
тулунаду,1,2,0.11,0.42,-1.1341,-1.098,Roerich
число,1,2,0.11,0.42,-1.1341,-1.098,Roerich
шантаракшит,1,2,0.11,0.42,-1.1341,-1.098,Roerich
штрих,1,2,0.11,0.42,-1.1341,-1.098,Roerich
абхидхармакош,4,0,0.46,0.0,1.5816,1.061,Zograf
адивась,4,0,0.46,0.0,1.5816,1.061,Zograf
герменевтика,4,0,0.46,0.0,1.5816,1.061,Zograf
деревня,4,0,0.46,0.0,1.5816,1.061,Zograf
дополнение,4,0,0.46,0.0,1.5816,1.061,Zograf
дхармакиртеть,4,0,0.46,0.0,1.5816,1.061,Zograf
зеленый,4,0,0.46,0.0,1.5816,1.061,Zograf
кали,4,0,0.46,0.0,1.5816,1.061,Zograf
канонический,4,0,0.46,0.0,1.5816,1.061,Zograf
кинематограф,4,0,0.46,0.0,1.5816,1.061,Zograf
колониальный,4,0,0.46,0.0,1.5816,1.061,Zograf
комплекс,4,0,0.46,0.0,1.5816,1.061,Zograf
кришна,4,0,0.46,0.0,1.5816,1.061,Zograf
мерварт,4,0,0.46,0.0,1.5816,1.061,Zograf
основной,4,0,0.46,0.0,1.5816,1.061,Zograf
почитание,4,0,0.46,0.0,1.5816,1.061,Zograf
проза,4,0,0.46,0.0,1.5816,1.061,Zograf
раджастхан,4,0,0.46,0.0,1.5816,1.061,Zograf
рассказ,4,0,0.46,0.0,1.5816,1.061,Zograf
сингал,4,0,0.46,0.0,1.5816,1.061,Zograf
синтез,4,0,0.46,0.0,1.5816,1.061,Zograf
сказка,4,0,0.46,0.0,1.5816,1.061,Zograf
состав,4,0,0.46,0.0,1.5816,1.061,Zograf
сосуд,4,0,0.46,0.0,1.5816,1.061,Zograf
спбгу,4,0,0.46,0.0,1.5816,1.061,Zograf
судьба,4,0,0.46,0.0,1.5816,1.061,Zograf
тантризм,4,0,0.46,0.0,1.5816,1.061,Zograf
эпистемология,4,0,0.46,0.0,1.5816,1.061,Zograf
этнографический,4,0,0.46,0.0,1.5816,1.061,Zograf
тамильский,20,15,2.28,3.18,-0.3498,-1.039,Roerich
происхождение,5,5,0.57,1.06,-0.6251,-1.037,Roerich
священный,5,5,0.57,1.06,-0.6251,-1.037,Roerich
ритуальный,14,4,1.59,0.85,0.5575,1.033,Zograf
тагор,9,2,1.03,0.42,0.7209,1.014,Zograf
дхарма,6,1,0.68,0.21,0.8509,0.939,Zograf
йога,6,1,0.68,0.21,0.8509,0.939,Zograf
концепт,6,1,0.68,0.21,0.8509,0.939,Zograf
сравнительный,6,1,0.68,0.21,0.8509,0.939,Zograf
формула,6,1,0.68,0.21,0.8509,0.939,Zograf
функция,6,1,0.68,0.21,0.8509,0.939,Zograf
натьяшастр,4,4,0.46,0.85,-0.6241,-0.936,Roerich
символика,4,4,0.46,0.85,-0.6241,-0.936,Roerich
ритуал,16,12,1.82,2.54,-0.3499,-0.933,Roerich
сюжет,20,7,2.28,1.48,0.3934,0.922,Zograf
буддизм,58,37,6.61,7.84,-0.1887,-0.902,Roerich
собрание,10,8,1.14,1.69,-0.4145,-0.898,Roerich
практика,13,4,1.48,0.85,0.4848,0.891,Zograf
аватар,3,0,0.34,0.0,1.3292,0.879,Zograf
айодхие,3,0,0.34,0.0,1.3292,0.879,Zograf
акт,3,0,0.34,0.0,1.3292,0.879,Zograf
актуальный,3,0,0.34,0.0,1.3292,0.879,Zograf
асанга,3,0,0.34,0.0,1.3292,0.879,Zograf
ауд,3,0,0.34,0.0,1.3292,0.879,Zograf
баул,3,0,0.34,0.0,1.3292,0.879,Zograf
библиотека,3,0,0.34,0.0,1.3292,0.879,Zograf
вид,3,0,0.34,0.0,1.3292,0.879,Zograf
видеоматериал,3,0,0.34,0.0,1.3292,0.879,Zograf
вишишта-адвайта-ведант,3,0,0.34,0.0,1.3292,0.879,Zograf
группа,3,0,0.34,0.0,1.3292,0.879,Zograf
гуджарат,3,0,0.34,0.0,1.3292,0.879,Zograf
далджито,3,0,0.34,0.0,1.3292,0.879,Zograf
дерево,3,0,0.34,0.0,1.3292,0.879,Zograf
детский,3,0,0.34,0.0,1.3292,0.879,Zograf
дешик,3,0,0.34,0.0,1.3292,0.879,Zograf
джаясь,3,0,0.34,0.0,1.3292,0.879,Zograf
жизнеописание,3,0,0.34,0.0,1.3292,0.879,Zograf
завершать,3,0,0.34,0.0,1.3292,0.879,Zograf
инклюзивизм,3,0,0.34,0.0,1.3292,0.879,Zograf
йогини-тантра,3,0,0.34,0.0,1.3292,0.879,Zograf
йогический,3,0,0.34,0.0,1.3292,0.879,Zograf
калика-пурана,3,0,0.34,0.0,1.3292,0.879,Zograf
калькутта,3,0,0.34,0.0,1.3292,0.879,Zograf
керала,3,0,0.34,0.0,1.3292,0.879,Zograf
компаративный,3,0,0.34,0.0,1.3292,0.879,Zograf
критика,3,0,0.34,0.0,1.3292,0.879,Zograf
мать,3,0,0.34,0.0,1.3292,0.879,Zograf
махаяна,3,0,0.34,0.0,1.3292,0.879,Zograf
мессершмидт,3,0,0.34,0.0,1.3292,0.879,Zograf
мистический,3,0,0.34,0.0,1.3292,0.879,Zograf
мифологический,3,0,0.34,0.0,1.3292,0.879,Zograf
мысль,3,0,0.34,0.0,1.3292,0.879,Zograf
наб,3,0,0.34,0.0,1.3292,0.879,Zograf
награ,3,0,0.34,0.0,1.3292,0.879,Zograf
обучение,3,0,0.34,0.0,1.3292,0.879,Zograf
онтология,3,0,0.34,0.0,1.3292,0.879,Zograf
ошо,3,0,0.34,0.0,1.3292,0.879,Zograf
повод,3,0,0.34,0.0,1.3292,0.879,Zograf
поле,3,0,0.34,0.0,1.3292,0.879,Zograf
полевой,3,0,0.34,0.0,1.3292,0.879,Zograf
пословица,3,0,0.34,0.0,1.3292,0.879,Zograf
потоп,3,0,0.34,0.0,1.3292,0.879,Zograf
просветление,3,0,0.34,0.0,1.3292,0.879,Zograf
размышление,3,0,0.34,0.0,1.3292,0.879,Zograf
ракурс,3,0,0.34,0.0,1.3292,0.879,Zograf
рациональность,3,0,0.34,0.0,1.3292,0.879,Zograf
результат,3,0,0.34,0.0,1.3292,0.879,Zograf
ренессанс,3,0,0.34,0.0,1.3292,0.879,Zograf
рыба,3,0,0.34,0.0,1.3292,0.879,Zograf
садхана,3,0,0.34,0.0,1.3292,0.879,Zograf
салман,3,0,0.34,0.0,1.3292,0.879,Zograf
сериал,3,0,0.34,0.0,1.3292,0.879,Zograf
сикх,3,0,0.34,0.0,1.3292,0.879,Zograf
синоним,3,0,0.34,0.0,1.3292,0.879,Zograf
специфический,3,0,0.34,0.0,1.3292,0.879,Zograf
сурешвара,3,0,0.34,0.0,1.3292,0.879,Zograf
так,3,0,0.34,0.0,1.3292,0.879,Zograf
такой,3,0,0.34,0.0,1.3292,0.879,Zograf
телугу,3,0,0.34,0.0,1.3292,0.879,Zograf
тень,3,0,0.34,0.0,1.3292,0.879,Zograf
умапати,3,0,0.34,0.0,1.3292,0.879,Zograf
факультет,3,0,0.34,0.0,1.3292,0.879,Zograf
художник,3,0,0.34,0.0,1.3292,0.879,Zograf
центр,3,0,0.34,0.0,1.3292,0.879,Zograf
четыре,3,0,0.34,0.0,1.3292,0.879,Zograf
шайв-бхакть,3,0,0.34,0.0,1.3292,0.879,Zograf
шивачарья,3,0,0.34,0.0,1.3292,0.879,Zograf
знание,8,2,0.91,0.42,0.6085,0.846,Zograf
маэ_ран,8,2,0.91,0.42,0.6085,0.846,Zograf
война,3,3,0.34,0.64,-0.6231,-0.824,Roerich
иконографический,3,3,0.34,0.64,-0.6231,-0.824,Roerich
картина,3,3,0.34,0.64,-0.6231,-0.824,Roerich
легенда,3,3,0.34,0.64,-0.6231,-0.824,Roerich
парадигма,3,3,0.34,0.64,-0.6231,-0.824,Roerich
передача,3,3,0.34,0.64,-0.6231,-0.824,Roerich
письмо,3,3,0.34,0.64,-0.6231,-0.824,Roerich
поэтика,3,3,0.34,0.64,-0.6231,-0.824,Roerich
символический,3,3,0.34,0.64,-0.6231,-0.824,Roerich
средство,3,3,0.34,0.64,-0.6231,-0.824,Roerich
элемент,3,3,0.34,0.64,-0.6231,-0.824,Roerich
драма,9,7,1.03,1.48,-0.3884,-0.795,Roerich
этимология,9,7,1.03,1.48,-0.3884,-0.795,Roerich
кашмирский,6,5,0.68,1.06,-0.4569,-0.789,Roerich
шива,6,5,0.68,1.06,-0.4569,-0.789,Roerich
эпический,6,5,0.68,1.06,-0.4569,-0.789,Roerich
язык,37,24,4.21,5.08,-0.2036,-0.784,Roerich
васубандх,10,3,1.14,0.64,0.4835,0.783,Zograf
минаев,10,3,1.14,0.64,0.4835,0.783,Zograf
брахман,5,1,0.57,0.21,0.6827,0.741,Zograf
вода,5,1,0.57,0.21,0.6827,0.741,Zograf
лебедев,5,1,0.57,0.21,0.6827,0.741,Zograf
лингвистика,5,1,0.57,0.21,0.6827,0.741,Zograf
метафора,5,1,0.57,0.21,0.6827,0.741,Zograf
общество,5,1,0.57,0.21,0.6827,0.741,Zograf
произведение,5,1,0.57,0.21,0.6827,0.741,Zograf
родство,5,1,0.57,0.21,0.6827,0.741,Zograf
стихотворный,5,1,0.57,0.21,0.6827,0.741,Zograf
перевод,19,13,2.16,2.75,-0.2585,-0.73,Roerich
авалокитешвара,2,2,0.23,0.42,-0.6221,-0.696,Roerich
варна,2,2,0.23,0.42,-0.6221,-0.696,Roerich
взаимоотношение,2,2,0.23,0.42,-0.6221,-0.696,Roerich
внутренний,2,2,0.23,0.42,-0.6221,-0.696,Roerich
воинский,2,2,0.23,0.42,-0.6221,-0.696,Roerich
дигнагой,2,2,0.23,0.42,-0.6221,-0.696,Roerich
жизненный,2,2,0.23,0.42,-0.6221,-0.696,Roerich
загадка,2,2,0.23,0.42,-0.6221,-0.696,Roerich
заметка,2,2,0.23,0.42,-0.6221,-0.696,Roerich
изобразительный,2,2,0.23,0.42,-0.6221,-0.696,Roerich
инструмент,2,2,0.23,0.42,-0.6221,-0.696,Roerich
кабир,2,2,0.23,0.42,-0.6221,-0.696,Roerich
катманду,2,2,0.23,0.42,-0.6221,-0.696,Roerich
катхаваттх,2,2,0.23,0.42,-0.6221,-0.696,Roerich
майя,2,2,0.23,0.42,-0.6221,-0.696,Roerich
махакавие,2,2,0.23,0.42,-0.6221,-0.696,Roerich
методология,2,2,0.23,0.42,-0.6221,-0.696,Roerich
миниатюра,2,2,0.23,0.42,-0.6221,-0.696,Roerich
мира_баи,2,2,0.23,0.42,-0.6221,-0.696,Roerich
огонь,2,2,0.23,0.42,-0.6221,-0.696,Roerich
опровержение,2,2,0.23,0.42,-0.6221,-0.696,Roerich
построение,2,2,0.23,0.42,-0.6221,-0.696,Roerich
представитель,2,2,0.23,0.42,-0.6221,-0.696,Roerich
призма,2,2,0.23,0.42,-0.6221,-0.696,Roerich
россия,2,2,0.23,0.42,-0.6221,-0.696,Roerich
символ,2,2,0.23,0.42,-0.6221,-0.696,Roerich
сотериология,2,2,0.23,0.42,-0.6221,-0.696,Roerich
таттвасанграха,2,2,0.23,0.42,-0.6221,-0.696,Roerich
художественный,2,2,0.23,0.42,-0.6221,-0.696,Roerich
царский,2,2,0.23,0.42,-0.6221,-0.696,Roerich
через,2,2,0.23,0.42,-0.6221,-0.696,Roerich
явление,2,2,0.23,0.42,-0.6221,-0.696,Roerich
мир,8,6,0.91,1.27,-0.3555,-0.682,Roerich
слово,8,6,0.91,1.27,-0.3555,-0.682,Roerich
идея,5,4,0.57,0.85,-0.4223,-0.664,Roerich
шиваизм,5,4,0.57,0.85,-0.4223,-0.664,Roerich
бенгалия,7,2,0.8,0.42,0.4822,0.66,Zograf
богиня,7,2,0.8,0.42,0.4822,0.66,Zograf
бхартрихари,7,2,0.8,0.42,0.4822,0.66,Zograf
композиция,7,2,0.8,0.42,0.4822,0.66,Zograf
лексика,7,2,0.8,0.42,0.4822,0.66,Zograf
развитие,7,2,0.8,0.42,0.4822,0.66,Zograf
сознание,7,2,0.8,0.42,0.4822,0.66,Zograf
три,7,2,0.8,0.42,0.4822,0.66,Zograf
форма,7,2,0.8,0.42,0.4822,0.66,Zograf
коллекция,13,9,1.48,1.91,-0.2731,-0.645,Roerich
ранний,13,9,1.48,1.91,-0.2731,-0.645,Roerich
жизнь,9,3,1.03,0.64,0.3823,0.611,Zograf
стиль,9,3,1.03,0.64,0.3823,0.611,Zograf
эпос,9,3,1.03,0.64,0.3823,0.611,Zograf
исток,13,5,1.48,1.06,0.282,0.558,Zograf
искусство,7,5,0.8,1.06,-0.3127,-0.557,Roerich
комментарий,7,5,0.8,1.06,-0.3127,-0.557,Roerich
обряд,7,5,0.8,1.06,-0.3127,-0.557,Roerich
школа,7,5,0.8,1.06,-0.3127,-0.557,Roerich
архитектура,4,3,0.46,0.64,-0.3707,-0.52,Roerich
божество,4,3,0.46,0.64,-0.3707,-0.52,Roerich
дискурс,4,3,0.46,0.64,-0.3707,-0.52,Roerich
изменение,4,3,0.46,0.64,-0.3707,-0.52,Roerich
памятник,4,3,0.46,0.64,-0.3707,-0.52,Roerich
социальный,4,3,0.46,0.64,-0.3707,-0.52,Roerich
эволюция,4,3,0.46,0.64,-0.3707,-0.52,Roerich
влияние,4,1,0.46,0.21,0.4809,0.51,Zograf
глаз,4,1,0.46,0.21,0.4809,0.51,Zograf
доктрина,4,1,0.46,0.21,0.4809,0.51,Zograf
духовный,4,1,0.46,0.21,0.4809,0.51,Zograf
живой,4,1,0.46,0.21,0.4809,0.51,Zograf
корень,4,1,0.46,0.21,0.4809,0.51,Zograf
натарадж,4,1,0.46,0.21,0.4809,0.51,Zograf
определение,4,1,0.46,0.21,0.4809,0.51,Zograf
основа,4,1,0.46,0.21,0.4809,0.51,Zograf
письменность,4,1,0.46,0.21,0.4809,0.51,Zograf
сборник,4,1,0.46,0.21,0.4809,0.51,Zograf
схема,4,1,0.46,0.21,0.4809,0.51,Zograf
типология,4,1,0.46,0.21,0.4809,0.51,Zograf
труд,4,1,0.46,0.21,0.4809,0.51,Zograf
фигура,4,1,0.46,0.21,0.4809,0.51,Zograf
эпизод,4,1,0.46,0.21,0.4809,0.51,Zograf
история,31,19,3.53,4.03,-0.1457,-0.506,Roerich
классический,9,6,1.03,1.27,-0.2432,-0.478,Roerich
предмет,6,2,0.68,0.42,0.3379,0.454,Zograf
танец,6,2,0.68,0.42,0.3379,0.454,Zograf
система,8,3,0.91,0.64,0.2699,0.425,Zograf
представление,11,7,1.25,1.48,-0.1951,-0.416,Roerich
восприятие,6,4,0.68,0.85,-0.2541,-0.414,Roerich
западный,6,4,0.68,0.85,-0.2541,-0.414,Roerich
иконография,6,4,0.68,0.85,-0.2541,-0.414,Roerich
прием,6,4,0.68,0.85,-0.2541,-0.414,Roerich
контекст,20,9,2.28,1.91,0.1528,0.389,Zograf
ассам,3,2,0.34,0.42,-0.2845,-0.344,Roerich
восток,3,2,0.34,0.42,-0.2845,-0.344,Roerich
герой,3,2,0.34,0.42,-0.2845,-0.344,Roerich
город,3,2,0.34,0.42,-0.2845,-0.344,Roerich
другой,3,2,0.34,0.42,-0.2845,-0.344,Roerich
ладакх,3,2,0.34,0.42,-0.2845,-0.344,Roerich
научный,3,2,0.34,0.42,-0.2845,-0.344,Roerich
ордалия,3,2,0.34,0.42,-0.2845,-0.344,Roerich
открытие,3,2,0.34,0.42,-0.2845,-0.344,Roerich
поздний,3,2,0.34,0.42,-0.2845,-0.344,Roerich
последний,3,2,0.34,0.42,-0.2845,-0.344,Roerich
предварительный,3,2,0.34,0.42,-0.2845,-0.344,Roerich
свет,3,2,0.34,0.42,-0.2845,-0.344,Roerich
североиндийский,3,2,0.34,0.42,-0.2845,-0.344,Roerich
согласно,3,2,0.34,0.42,-0.2845,-0.344,Roerich
строфа,3,2,0.34,0.42,-0.2845,-0.344,Roerich
существование,3,2,0.34,0.42,-0.2845,-0.344,Roerich
фрагмент,3,2,0.34,0.42,-0.2845,-0.344,Roerich
шиваитский,3,2,0.34,0.42,-0.2845,-0.344,Roerich
классификация,8,5,0.91,1.06,-0.1864,-0.341,Roerich
русский,8,5,0.91,1.06,-0.1864,-0.341,Roerich
европейский,5,3,0.57,0.64,-0.1689,-0.247,Roerich
рамаяна,13,6,1.48,1.27,0.1128,0.236,Zograf
атомизм,3,1,0.34,0.21,0.2284,0.234,Zograf
вальмик,3,1,0.34,0.21,0.2284,0.234,Zograf
востоковед,3,1,0.34,0.21,0.2284,0.234,Zograf
герасим,3,1,0.34,0.21,0.2284,0.234,Zograf
глагольный,3,1,0.34,0.21,0.2284,0.234,Zograf
действие,3,1,0.34,0.21,0.2284,0.234,Zograf
дипанкара,3,1,0.34,0.21,0.2284,0.234,Zograf
животное,3,1,0.34,0.21,0.2284,0.234,Zograf
индоиранский,3,1,0.34,0.21,0.2284,0.234,Zograf
когнитивный,3,1,0.34,0.21,0.2284,0.234,Zograf
найти,3,1,0.34,0.21,0.2284,0.234,Zograf
непосредственный,3,1,0.34,0.21,0.2284,0.234,Zograf
орисса,3,1,0.34,0.21,0.2284,0.234,Zograf
парибхаша,3,1,0.34,0.21,0.2284,0.234,Zograf
парс,3,1,0.34,0.21,0.2284,0.234,Zograf
политика,3,1,0.34,0.21,0.2284,0.234,Zograf
посвящение,3,1,0.34,0.21,0.2284,0.234,Zograf
предание,3,1,0.34,0.21,0.2284,0.234,Zograf
природа,3,1,0.34,0.21,0.2284,0.234,Zograf
рабиндранат,3,1,0.34,0.21,0.2284,0.234,Zograf
рельеф,3,1,0.34,0.21,0.2284,0.234,Zograf
сит,3,1,0.34,0.21,0.2284,0.234,Zograf
словарь,3,1,0.34,0.21,0.2284,0.234,Zograf
современность,3,1,0.34,0.21,0.2284,0.234,Zograf
создание,3,1,0.34,0.21,0.2284,0.234,Zograf
сообщение,3,1,0.34,0.21,0.2284,0.234,Zograf
сотериологический,3,1,0.34,0.21,0.2284,0.234,Zograf
старый,3,1,0.34,0.21,0.2284,0.234,Zograf
третий,3,1,0.34,0.21,0.2284,0.234,Zograf
фон,3,1,0.34,0.21,0.2284,0.234,Zograf
экспедиция,3,1,0.34,0.21,0.2284,0.234,Zograf
два,11,5,1.25,1.06,0.1194,0.23,Zograf
бог,9,4,1.03,0.85,0.1288,0.225,Zograf
дискуссия,5,2,0.57,0.42,0.1697,0.223,Zograf
категория,5,2,0.57,0.42,0.1697,0.223,Zograf
программа,5,2,0.57,0.42,0.1697,0.223,Zograf
проповедь,5,2,0.57,0.42,0.1697,0.223,Zograf
след,5,2,0.57,0.42,0.1697,0.223,Zograf
способ,5,2,0.57,0.42,0.1697,0.223,Zograf
храмовый,5,2,0.57,0.42,0.1697,0.223,Zograf
версия,7,3,0.8,0.64,0.1436,0.222,Zograf
восточный,7,3,0.8,0.64,0.1436,0.222,Zograf
глава,7,3,0.8,0.64,0.1436,0.222,Zograf
литература,30,17,3.42,3.6,-0.0665,-0.222,Roerich
непальский,7,3,0.8,0.64,0.1436,0.222,Zograf
понимание,7,3,0.8,0.64,0.1436,0.222,Zograf
лалитавистара,7,4,0.8,0.85,-0.1099,-0.184,Roerich
реконструкция,7,4,0.8,0.85,-0.1099,-0.184,Roerich
речь,7,4,0.8,0.85,-0.1099,-0.184,Roerich
мотив,9,5,1.03,1.06,-0.074,-0.138,Roerich
теория,9,5,1.03,1.06,-0.074,-0.138,Roerich
абсолютный,2,1,0.23,0.21,-0.1092,-0.106,Roerich
автор,2,1,0.23,0.21,-0.1092,-0.106,Roerich
адвайта,2,1,0.23,0.21,-0.1092,-0.106,Roerich
алфавит,2,1,0.23,0.21,-0.1092,-0.106,Roerich
архив,2,1,0.23,0.21,-0.1092,-0.106,Roerich
астрологический,2,1,0.23,0.21,-0.1092,-0.106,Roerich
биография,2,1,0.23,0.21,-0.1092,-0.106,Roerich
благо,2,1,0.23,0.21,-0.1092,-0.106,Roerich
большой,2,1,0.23,0.21,-0.1092,-0.106,Roerich
брат,2,1,0.23,0.21,-0.1092,-0.106,Roerich
вайшешик,2,1,0.23,0.21,-0.1092,-0.106,Roerich
взаимодействие,2,1,0.23,0.21,-0.1092,-0.106,Roerich
встреча,2,1,0.23,0.21,-0.1092,-0.106,Roerich
генезис,2,1,0.23,0.21,-0.1092,-0.106,Roerich
гималаи,2,1,0.23,0.21,-0.1092,-0.106,Roerich
данные,2,1,0.23,0.21,-0.1092,-0.106,Roerich
дворцовый,2,1,0.23,0.21,-0.1092,-0.106,Roerich
диалог,2,1,0.23,0.21,-0.1092,-0.106,Roerich
жертвоприношение,2,1,0.23,0.21,-0.1092,-0.106,Roerich
записка,2,1,0.23,0.21,-0.1092,-0.106,Roerich
зачем,2,1,0.23,0.21,-0.1092,-0.106,Roerich
игровой,2,1,0.23,0.21,-0.1092,-0.106,Roerich
идеологический,2,1,0.23,0.21,-0.1092,-0.106,Roerich
индология,2,1,0.23,0.21,-0.1092,-0.106,Roerich
историография,2,1,0.23,0.21,-0.1092,-0.106,Roerich
карнатака,2,1,0.23,0.21,-0.1092,-0.106,Roerich
каста,2,1,0.23,0.21,-0.1092,-0.106,Roerich
князь,2,1,0.23,0.21,-0.1092,-0.106,Roerich
конструкция,2,1,0.23,0.21,-0.1092,-0.106,Roerich
конференция,2,1,0.23,0.21,-0.1092,-0.106,Roerich
ксилограф,2,1,0.23,0.21,-0.1092,-0.106,Roerich
лирика,2,1,0.23,0.21,-0.1092,-0.106,Roerich
медитация,2,1,0.23,0.21,-0.1092,-0.106,Roerich
механизм,2,1,0.23,0.21,-0.1092,-0.106,Roerich
мудрость,2,1,0.23,0.21,-0.1092,-0.106,Roerich
называть,2,1,0.23,0.21,-0.1092,-0.106,Roerich
основание,2,1,0.23,0.21,-0.1092,-0.106,Roerich
перспектива,2,1,0.23,0.21,-0.1092,-0.106,Roerich
письменный,2,1,0.23,0.21,-0.1092,-0.106,Roerich
повествовательный,2,1,0.23,0.21,-0.1092,-0.106,Roerich
птица,2,1,0.23,0.21,-0.1092,-0.106,Roerich
рама,2,1,0.23,0.21,-0.1092,-0.106,Roerich
свитка,2,1,0.23,0.21,-0.1092,-0.106,Roerich
сквозь,2,1,0.23,0.21,-0.1092,-0.106,Roerich
смерть,2,1,0.23,0.21,-0.1092,-0.106,Roerich
сон,2,1,0.23,0.21,-0.1092,-0.106,Roerich
специфика,2,1,0.23,0.21,-0.1092,-0.106,Roerich
средний,2,1,0.23,0.21,-0.1092,-0.106,Roerich
телесность,2,1,0.23,0.21,-0.1092,-0.106,Roerich
тело,2,1,0.23,0.21,-0.1092,-0.106,Roerich
течение,2,1,0.23,0.21,-0.1092,-0.106,Roerich
трактовка,2,1,0.23,0.21,-0.1092,-0.106,Roerich
функциональный,2,1,0.23,0.21,-0.1092,-0.106,Roerich
характеристика,2,1,0.23,0.21,-0.1092,-0.106,Roerich
четвертый,2,1,0.23,0.21,-0.1092,-0.106,Roerich
чудо,2,1,0.23,0.21,-0.1092,-0.106,Roerich
элита,2,1,0.23,0.21,-0.1092,-0.106,Roerich
этап,2,1,0.23,0.21,-0.1092,-0.106,Roerich
языковой,2,1,0.23,0.21,-0.1092,-0.106,Roerich
религия,16,8,1.82,1.69,0.0444,0.105,Zograf
термин,13,7,1.48,1.48,-0.0324,-0.071,Roerich
культурный,10,5,1.14,1.06,0.0273,0.052,Zograf
понятие,10,5,1.14,1.06,0.0273,0.052,Zograf
поэма,10,5,1.14,1.06,0.0273,0.052,Zograf
семантика,10,5,1.14,1.06,0.0273,0.052,Zograf
концепция,15,8,1.71,1.69,-0.0193,-0.045,Roerich
дравидология,4,2,0.46,0.42,-0.0321,-0.041,Roerich
куллуи,4,2,0.46,0.42,-0.0321,-0.041,Roerich
модель,4,2,0.46,0.42,-0.0321,-0.041,Roerich
народ,4,2,0.46,0.42,-0.0321,-0.041,Roerich
познание,4,2,0.46,0.42,-0.0321,-0.041,Roerich
реальность,4,2,0.46,0.42,-0.0321,-0.041,Roerich
рождение,4,2,0.46,0.42,-0.0321,-0.041,Roerich
содержание,4,2,0.46,0.42,-0.0321,-0.041,Roerich
толкование,4,2,0.46,0.42,-0.0321,-0.041,Roerich
формирование,8,4,0.91,0.85,0.0165,0.028,Zograf
поэзия,30,16,3.42,3.39,-0.0055,-0.018,Roerich
образ,32,17,3.64,3.6,-0.0007,-0.002,Roerich
возможный,6,3,0.68,0.64,-0.0007,-0.001,Roerich
жанр,6,3,0.68,0.64,-0.0007,-0.001,Roerich
игра,6,3,0.68,0.64,-0.0007,-0.001,Roerich
тантрический,6,3,0.68,0.64,-0.0007,-0.001,Roerich
человек,6,3,0.68,0.64,-0.0007,-0.001,Roerich
что,6,3,0.68,0.64,-0.0007,-0.001,Roerich
южная_индия,6,3,0.68,0.64,-0.0007,-0.001,Roerich
