group,bigram,display_bigram,count,per_100_titles
ALL,индия философия,философия Индии,17,1.26
ALL,история индия,история Индии,10,0.74
ALL,древний индия,Древняя Индия,10,0.74
ALL,санскрит драма,санскритская драма,9,0.67
ALL,пали канон,палийский канон,9,0.67
ALL,кашмирский шиваизм,кашмирский шиваизм,9,0.67
ALL,ранний буддизм,ранний буддизм,8,0.59
ALL,тамильский поэзия,тамильская поэзия,8,0.59
ALL,ведийский текст,ведийский текст,8,0.59
ALL,бенгальский возрождение,бенгальский возрождение,7,0.52
ALL,центральный азия,центральный Азия,7,0.52
ALL,текстовый традиция,текстовый традиция,7,0.52
ALL,индия текст,индийские тексты,6,0.44
ALL,грамматика панини,грамматика Панини,6,0.44
ALL,неварский буддизм,неварский буддизм,6,0.44
ALL,современный индия,современный Индия,5,0.37
ALL,индия культура,культура Индии,5,0.37
ALL,традиционный индия,традиционная Индия,5,0.37
ALL,мыслитель бенгальский,мыслитель бенгальский,5,0.37
ALL,индия диаспора,Индия диаспора,5,0.37
ALL,индуистский тантра,индуистский тантра,5,0.37
ALL,традиционный текст,традиционный текст,5,0.37
ALL,средневековый индия,средневековый Индия,5,0.37
ALL,стихотворный размер,стихотворный размер,5,0.37
ALL,картина мир,картина мир,5,0.37
ALL,индия исток,Индия исток,5,0.37
ALL,пещерный храм,пещерный храм,5,0.37
ALL,вастувидья пураны,вастувидья пураны,5,0.37
ALL,буддизм философия,буддизм философия,5,0.37
ALL,свами вивекананда,свами Вивекананда,5,0.37
ALL,классический санскрит,классический санскрит,5,0.37
ALL,язык куллуи,язык куллуи,5,0.37
ALL,программа возможный,программа возможный,4,0.3
ALL,возможный изменение,возможный изменение,4,0.3
ALL,непосредственный восприятие,непосредственный восприятие,4,0.3
ALL,священный текст,священный текст,4,0.3
ALL,артхашастр каутилья,артхашастр каутилья,4,0.3
ALL,центральный индия,центральный Индия,4,0.3
ALL,текст индия,текст Индия,4,0.3
ALL,герасим лебедев,герасим лебедев,4,0.3
ALL,прием почетный,прием почетный,4,0.3
ALL,тибет язык,Тибет язык,4,0.3
ALL,ритуальный текст,ритуальный текст,4,0.3
ALL,буддизм канон,буддизм канон,4,0.3
ALL,рабиндранат тагор,Рабиндранат Тагор,4,0.3
ALL,буддизм сутра,буддизм сутра,4,0.3
ALL,фонд ивр_ран,фонд ИВР РАН,4,0.3
ALL,кабинет юрий_рерих,Кабинет Юрия Рериха,4,0.3
ALL,индия кинематограф,Индия кинематограф,4,0.3
ALL,индоевропейский параллель,индоевропейский параллель,4,0.3
ALL,поэзия бхакти,поэзия бхакти,4,0.3
ALL,минаев маэ_ран,Минаев МАЭ РАН,4,0.3
ALL,древнеиндийский эпос,древнеиндийский эпос,4,0.3
ALL,терминология родство,терминология родство,4,0.3
ALL,рамаяна вальмик,Рамаяна вальмик,4,0.3
ALL,индуистский тантризм,индуистский тантризм,4,0.3
ALL,ведийский ритуал,ведийский ритуал,4,0.3
ALL,предварительный сообщение,предварительный сообщение,3,0.22
ALL,изменение дополнение,изменение дополнение,3,0.22
ALL,санскрит литература,санскрит литература,3,0.22
ALL,контекст развитие,контекст развитие,3,0.22
ALL,древний махакавие,древний махакавие,3,0.22
ALL,абхидхармакош васубандх,абхидхармакош васубандх,3,0.22
ALL,древний средневековый,древний средневековый,3,0.22
ALL,что такой,что такой,3,0.22
ALL,архитектура индия,архитектура Индия,3,0.22
ALL,русский перевод,русский перевод,3,0.22
ALL,богиня кали,богиня кали,3,0.22
ALL,текст культ,текст культ,3,0.22
ALL,средневековый ирландский,средневековый ирландский,3,0.22
ALL,китайский перевод,китайский перевод,3,0.22
ALL,перевод буддизм,перевод буддизм,3,0.22
ALL,буддизм термин,буддизм термин,3,0.22
ALL,далджито награ,далджито награ,3,0.22
ALL,глагольный корень,глагольный корень,3,0.22
ALL,аватар вишну,аватар Вишну,3,0.22
ALL,долина катманду,долина Катманду,3,0.22
ALL,история перспектива,история перспектива,3,0.22
ALL,санскрит пали,санскрит пали,3,0.22
ALL,символический язык,символический язык,3,0.22
ALL,южный азия,южный Азия,3,0.22
ALL,сквозь призма,сквозь призма,3,0.22
ALL,шива натарадж,Шива натарадж,3,0.22
ALL,ив_ран москва,ИВ РАН Москва,3,0.22
ALL,музыкальный инструмент,музыкальный инструмент,3,0.22
ALL,эпический традиция,эпический традиция,3,0.22
ALL,собрание кабинет,собрание кабинет,3,0.22
ALL,миф потоп,миф потоп,3,0.22
ALL,христианский книга,христианский книга,3,0.22
ALL,книга индия,книга Индия,3,0.22
ALL,основной сюжет,основной сюжет,3,0.22
ALL,танка собрание,танка собрание,3,0.22
ALL,юрий_рерих ив_ран,Юрий Рерих ИВ РАН,3,0.22
ALL,трактат вастувидья,трактат вастувидья,3,0.22
ALL,язык ладакх,язык ладакх,3,0.22
ALL,тамильский шайв-бхакть,тамильский шайв-бхакть,3,0.22
ALL,веданта дешик,веданта дешик,3,0.22
ALL,пали санскрит,пали санскрит,3,0.22
ALL,шиваитский канон,шиваитский канон,3,0.22
ALL,собрание минаев,собрание Минаев,3,0.22
ALL,санскрит джатака,санскрит джатака,3,0.22
ALL,государственный музей,государственный музей,3,0.22
ALL,имперский идея,имперский идея,3,0.22
ALL,североиндийский поэзия,североиндийский поэзия,3,0.22
ALL,умапати шивачарья,умапати шивачарья,3,0.22
ALL,учение ошо,учение ошо,3,0.22
ALL,жизненный цикл,жизненный цикл,3,0.22
ALL,западный бенгалия,западный Бенгалия,3,0.22
ALL,игра знание,игра знание,3,0.22
ALL,коллекция маэ_ран,коллекция МАЭ РАН,3,0.22
ALL,индия мифологический,Индия мифологический,3,0.22
ALL,мифологический сериал,мифологический сериал,3,0.22
ALL,день рождение,день рождение,3,0.22
ALL,этимология семантика,этимология семантика,3,0.22
ALL,салман рушдить,салман рушдить,3,0.22
ALL,учение свами,учение свами,3,0.22
ALL,лексика язык,лексика язык,3,0.22
ALL,теория познание,теория познание,2,0.15
ALL,средневековый литература,средневековый литература,2,0.15
ALL,литература телугу,литература телугу,2,0.15
ALL,контекст история,контекст история,2,0.15
ALL,проза хинди,проза хинди,2,0.15
ALL,индуистский тантрический,индуистский тантрический,2,0.15
ALL,тантрический школа,тантрический школа,2,0.15
ALL,индия традиция,традиция Индии,2,0.15
ALL,теория драма,теория драма,2,0.15
ALL,представление время,представление время,2,0.15
ALL,книга махабхарат,книга махабхарат,2,0.15
ALL,слово ригведа,слово Ригведа,2,0.15
ALL,современный литература,современный литература,2,0.15
ALL,идея упанишад,идея упанишад,2,0.15
ALL,вербальный текст,вербальный текст,2,0.15
ALL,демонстрация видеоматериал,демонстрация видеоматериал,2,0.15
ALL,философия текст,философия текст,2,0.15
ALL,тибет текст,Тибет текст,2,0.15
ALL,текст гимн,текст гимн,2,0.15
ALL,сакральный текст,сакральный текст,2,0.15
ALL,текст школа,текст школа,2,0.15
ALL,энциклопедия абхидхарма,энциклопедия абхидхарма,2,0.15
ALL,абхидхарма васубандх,абхидхарма васубандх,2,0.15
ALL,фольклорный мотив,фольклорный мотив,2,0.15
ALL,описание индия,описание Индия,2,0.15
ALL,индия памятник,Индия памятник,2,0.15
ALL,калачакра тантра,калачакра тантра,2,0.15
ALL,скотоводческий эпос,скотоводческий эпос,2,0.15
ALL,храмовый сооружение,храмовый сооружение,2,0.15
ALL,классический индия,классический Индия,2,0.15
ALL,старый тамильский,старый тамильский,2,0.15
ALL,ритуал текст,ритуал текст,2,0.15
ALL,текст вастувидие,текст вастувидие,2,0.15
ALL,вастувидие пураны,вастувидие пураны,2,0.15
ALL,классический йога,классический йога,2,0.15
ALL,коллекция одесский,коллекция одесский,2,0.15
ALL,что стоить,что стоить,2,0.15
ALL,стоить стиль,стоить стиль,2,0.15
ALL,стиль дандин,стиль дандин,2,0.15
ALL,религия культура,религия культура,2,0.15
ALL,образ птица,образ птица,2,0.15
ALL,сингал ланка,сингал Шри-Ланка,2,0.15
ALL,терминология грамматика,терминология грамматика,2,0.15
ALL,протоиндийский текст,протоиндийский текст,2,0.15
ALL,язык стиль,язык стиль,2,0.15
ALL,ордалия раскалить,ордалия раскалить,2,0.15
ALL,раскалить монета,раскалить монета,2,0.15
ALL,зеркало конец,зеркало конец,2,0.15
ALL,конец иллюзия,конец иллюзия,2,0.15
ALL,тибет китайский,Тибет китайский,2,0.15
ALL,философия кашмирский,философия кашмирский,2,0.15
ALL,так называть,так называть,2,0.15
ALL,восток запад,восток запад,2,0.15
ALL,побоище палица,побоище палица,2,0.15
ALL,язык богиня,язык богиня,2,0.15
ALL,бенгалия век,Бенгалия век,2,0.15
ALL,малика мухаммад,малика мухаммад,2,0.15
ALL,мухаммад джаясь,мухаммад джаясь,2,0.15
ALL,новый открытие,новый открытие,2,0.15
ALL,определение термин,определение термин,2,0.15
ALL,текст мыслитель,текст мыслитель,2,0.15
ALL,обозначение пространство,обозначение пространство,2,0.15
ALL,археология раннебуддийский,археология раннебуддийский,2,0.15
ALL,раннебуддийский доктринальный,раннебуддийский доктринальный,2,0.15
ALL,доктринальный текст,доктринальный текст,2,0.15
ALL,что учить,что учить,2,0.15
ALL,санскрит текст,санскрит текст,2,0.15
ALL,классический танец,классический танец,2,0.15
ALL,кочевник центральный,кочевник центральный,2,0.15
ALL,почетный гость-атитхи,почетный гость-атитхи,2,0.15
ALL,будда шакьямунь,Будда шакьямунь,2,0.15
ALL,шакьямунь тибет,шакьямунь Тибет,2,0.15
ALL,тибет традиция,Тибет традиция,2,0.15
ALL,музей украина,музей украина,2,0.15
ALL,источник история,источник история,2,0.15
ALL,воплощение вишну,воплощение Вишну,2,0.15
ALL,индия европейский,Индия европейский,2,0.15
ALL,европейский философия,европейский философия,2,0.15
ALL,свитка век,свитка век,2,0.15
ALL,семантика глагольный,семантика глагольный,2,0.15
ALL,духовный освобождение,духовный освобождение,2,0.15
ALL,индия танец,Индия танец,2,0.15
ALL,буддизм учение,буддизм учение,2,0.15
ALL,санскрит рукопись,санскрит рукопись,2,0.15
ALL,индия поэзия,Индия поэзия,2,0.15
ALL,поэтический жанр,поэтический жанр,2,0.15
ALL,индия литература,Индия литература,2,0.15
ALL,тибет буддизм,Тибет буддизм,2,0.15
ALL,лебедев британский,лебедев британский,2,0.15
ALL,британский элита,британский элита,2,0.15
ALL,элита колониальный,элита колониальный,2,0.15
ALL,колониальный калькутта,колониальный Калькутта,2,0.15
ALL,новый индия,новый Индия,2,0.15
ALL,слово веданта-парибхаш,слово веданта-парибхаш,2,0.15
ALL,веданта-парибхаш дхармарадж,веданта-парибхаш дхармарадж,2,0.15
ALL,средневековый текст,средневековый текст,2,0.15
ALL,современный мир,современный мир,2,0.15
ALL,индия средневековый,средневековая Индия,2,0.15
ALL,древний тюрк,древний тюрк,2,0.15
ALL,японский буддизм,японский буддизм,2,0.15
ALL,ишварапратьябхиджень-вимаршиня абхинавагупта,ишварапратьябхиджень-вимаршиня Абхинавагупта,2,0.15
ALL,традиция танка,традиция танка,2,0.15
ALL,танка коллекция,танка коллекция,2,0.15
ALL,рамаяна драма,Рамаяна драма,2,0.15
ALL,драма бхавабхути,драма бхавабхути,2,0.15
ALL,бхавабхути последний,бхавабхути последний,2,0.15
ALL,санскрит источник,санскрит источник,2,0.15
ALL,кадамбари современный,кадамбари современный,2,0.15
ALL,разлука тамильский,разлука тамильский,2,0.15
ALL,собрание ивр_ран,собрание ИВР РАН,2,0.15
ALL,ведический традиция,ведический традиция,2,0.15
ALL,бхагавадгита шанкара,Бхагавадгита Шанкара,2,0.15
ALL,индуизм буддизм,индуизм буддизм,2,0.15
ALL,неварский повествовательный,неварский повествовательный,2,0.15
ALL,повествовательный свиток,повествовательный свиток,2,0.15
ALL,собрание маэ_ран,собрание МАЭ РАН,2,0.15
ALL,коллекция минаев,коллекция Минаев,2,0.15
ALL,бенгальский ренессанс,бенгальский ренессанс,2,0.15
ALL,традиция ритуальный,традиция ритуальный,2,0.15
ALL,стиль индия,стиль Индия,2,0.15
ALL,автобиографический книга,автобиографический книга,2,0.15
ALL,книга найполый,книга найполый,2,0.15
ALL,раннебуддийский литература,раннебуддийский литература,2,0.15
ALL,санскрит алфавит,санскрит алфавит,2,0.15
ALL,надпись брахй,надпись брахй,2,0.15
ALL,брахй центральный,брахй центральный,2,0.15
ALL,ритуал прием,ритуал прием,2,0.15
ALL,почетный гость,почетный гость,2,0.15
ALL,первый часть,первый часть,2,0.15
ALL,иконографический программа,иконографический программа,2,0.15
ALL,программа индия,программа Индия,2,0.15
ALL,непальский надпись,непальский надпись,2,0.15
ALL,через после,через после,2,0.15
ALL,образ кришна,образ Кришна,2,0.15
ALL,шанкара абхинавагупта,Шанкара Абхинавагупта,2,0.15
ALL,веданта европейский,веданта европейский,2,0.15
ALL,индия фонд,Индия фонд,2,0.15
ALL,современный баул,современный баул,2,0.15
ALL,хинди бенгальский,хинди бенгальский,2,0.15
ALL,бенгальский язык,бенгальский язык,2,0.15
ALL,иконография функция,иконография функция,2,0.15
ALL,ранний китайский,ранний китайский,2,0.15
ALL,китайский версия,китайский версия,2,0.15
ALL,версия биография,версия биография,2,0.15
ALL,биография будда,биография Будда,2,0.15
ALL,тригата натьяшастр,тригата натьяшастр,2,0.15
ALL,санскрит стихотворный,санскрит стихотворный,2,0.15
ALL,адивась популярный,адивась популярный,2,0.15
ALL,неоиндуизм бенгалия,неоиндуизм Бенгалия,2,0.15
ALL,традиция тулунаду,традиция тулунаду,2,0.15
ALL,натарадж чидамбарам,натарадж чидамбарам,2,0.15
ALL,пословица поговорка,пословица поговорка,2,0.15
ALL,поэзия тамильский,тамильская поэзия,2,0.15
ALL,письменный памятник,письменный памятник,2,0.15
ALL,эпиграфический текст,эпиграфический текст,2,0.15
ALL,белый старец,белый старец,2,0.15
ALL,коллекция кабинет,коллекция кабинет,2,0.15
ALL,юрий рерих,Юрий Рерих,2,0.15
ALL,храм аурангабад,храм аурангабад,2,0.15
ALL,непальский легенда,непальский легенда,2,0.15
ALL,ведийский эпический,ведийский эпический,2,0.15
ALL,жизнь будда,жизнь Будда,2,0.15
ALL,будда ашвагхошить,Будда ашвагхошить,2,0.15
ALL,буддизм храм,буддизм храм,2,0.15
ALL,персонаж индия,персонаж Индия,2,0.15
ALL,миссионерский история,миссионерский история,2,0.15
ALL,шрибхаший раманудж,шрибхаший Рамануджа,2,0.15
ALL,пудгала катхаваттх,пудгала катхаваттх,2,0.15
ALL,философия дискурс,философия дискурс,2,0.15
ALL,тируттондар тирувандасть,тируттондар тирувандасть,2,0.15
ALL,тирувандасть намбить,тирувандасть намбить,2,0.15
ALL,намбить андар,намбить андар,2,0.15
ALL,андар намбить,андар намбить,2,0.15
ALL,сюжет просветление,сюжет просветление,2,0.15
ALL,прошлый настоящий,прошлый настоящий,2,0.15
ALL,буддизм тантра,буддизм тантра,2,0.15
ALL,стих ригведа,стих Ригведа,2,0.15
ALL,буддизм ваджраяна,буддизм ваджраяна,2,0.15
ALL,монарший портрет,монарший портрет,2,0.15
ALL,иконография шива,иконография Шива,2,0.15
ALL,индия общество,Индия общество,2,0.15
ALL,диалект тибет,диалект Тибет,2,0.15
ALL,мир индия,мир Индия,2,0.15
ALL,поэма джаянкондар,поэма джаянкондар,2,0.15
ALL,джаянкондар парань,джаянкондар парань,2,0.15
ALL,парань война,парань война,2,0.15
ALL,война калинга,война калинга,2,0.15
ALL,существование субъект,существование субъект,2,0.15
ALL,культ нарасинх,культ нарасинх,2,0.15
ALL,нарасинх трактат,нарасинх трактат,2,0.15
ALL,язык непасть,язык непасть,2,0.15
ALL,герменевтика оберхаммер,герменевтика оберхаммер,2,0.15
ALL,чже цонкап,чже цонкап,2,0.15
ALL,ведийский исток,ведийский исток,2,0.15
ALL,театр тень,театр тень,2,0.15
ALL,традиция современность,традиция современность,2,0.15
ALL,философия компаративистика,философия компаративистика,2,0.15
ALL,жизнеописание будда,жизнеописание Будда,2,0.15
ALL,историография буддизм,историография буддизм,2,0.15
ALL,первый глава,первый глава,2,0.15
ALL,язык пали,язык пали,2,0.15
ALL,тамильский язык,тамильский язык,2,0.15
ALL,между буддист,между буддист,2,0.15
ALL,таттвасанграха шантаракшит,таттвасанграха шантаракшит,2,0.15
ALL,первый известный,первый известный,2,0.15
ALL,текст контекст,текст контекст,2,0.15
ALL,версия калачакр-тантра,версия калачакр-тантра,2,0.15
ALL,китайский источник,китайский источник,2,0.15
ALL,санскрит поэзия,санскрит поэзия,2,0.15
ALL,средство ведение,средство ведение,2,0.15
ALL,паннир тирумурья,паннир тирумурья,2,0.15
ALL,теория практика,теория практика,2,0.15
ALL,литература традиция,литература традиция,2,0.15
ALL,средневековый поэзия,средневековый поэзия,2,0.15
ALL,дравидология контекст,дравидология контекст,2,0.15
ALL,борьба собственный,борьба собственный,2,0.15
ALL,собственный язык,собственный язык,2,0.15
ALL,сутра благо,сутра благо,2,0.15
ALL,благо явление,благо явление,2,0.15
ALL,размышление повод,размышление повод,2,0.15
ALL,абхидхармакошабхаший васубандх,абхидхармакошабхаший васубандх,2,0.15
ALL,ведийский язык,ведийский язык,2,0.15
ALL,индия язык,Индия язык,2,0.15
ALL,схема рациональность,схема рациональность,2,0.15
ALL,живопись графика,живопись графика,2,0.15
ALL,традиция лалитавистара,традиция Лалитавистара,2,0.15
ALL,литература санскрит,литература санскрит,2,0.15
ALL,музей восток,музей восток,2,0.15
ALL,искусство индия,искусство Индия,2,0.15
ALL,этимологический классификация,этимологический классификация,2,0.15
ALL,гималайский регион,гималайский регион,2,0.15
ALL,равить варма,равить варма,2,0.15
ALL,путешествие минаев,путешествие Минаев,2,0.15
ALL,локальный вариант,локальный вариант,2,0.15
ALL,будда дипанкара,Будда дипанкара,2,0.15
ALL,современный санскрит,современный санскрит,2,0.15
ALL,тибет историография,Тибет историография,2,0.15
ALL,собрание маэ,собрание маэ,2,0.15
ALL,семантика терминология,семантика терминология,2,0.15
ALL,дравидология язык,дравидология язык,2,0.15
ALL,история буддизм,история буддизм,2,0.15
ALL,юрий_рерих история,Юрий Рерих история,2,0.15
ALL,язык калачакр-тантра,язык калачакр-тантра,2,0.15
ALL,математический сочинение,математический сочинение,2,0.15
ALL,бытие бог,бытие бог,2,0.15
ALL,средневековый тамильский,средневековый тамильский,2,0.15
ALL,тамильский бхакти,тамильский бхакти,2,0.15
ALL,русский летопись,русский летопись,2,0.15
ALL,санскрит лексикография,санскрит лексикография,2,0.15
ALL,эпос рамаяна,эпос Рамаяна,2,0.15
ALL,правило грамматика,правило грамматика,2,0.15
ALL,большой ступа,большой ступа,2,0.15
ALL,ступа санча,ступа санча,2,0.15
ALL,кукольный театр,кукольный театр,2,0.15
ALL,театр западный,театр западный,2,0.15
ALL,тантрический текст,тантрический текст,2,0.15
ALL,вимшик васубандх,вимшик васубандх,2,0.15
ALL,небывальщина парадокс,небывальщина парадокс,2,0.15
ALL,сюжет джатака,сюжет джатака,2,0.15
ALL,юрий_рерих новый,Юрий Рерих новый,2,0.15
ALL,речевой сбой,речевой сбой,2,0.15
ALL,санскрит индия,санскрит Индия,2,0.15
ALL,философия творчество,философия творчество,2,0.15
ALL,творчество композитор,творчество композитор,2,0.15
ALL,композитор скрябин,композитор скрябин,2,0.15
ALL,отражение монгольский,отражение монгольский,2,0.15
ALL,монгольский имперский,монгольский имперский,2,0.15
ALL,тханк собрание,тханк собрание,2,0.15
ALL,язык хинди,язык хинди,2,0.15
ALL,гимн ригведа,гимн Ригведа,2,0.15
ALL,южный мунда,южный мунда,2,0.15
ALL,русский язык,русский язык,2,0.15
ALL,буддизм экзегетический,буддизм экзегетический,2,0.15
ALL,экзегетический источник,экзегетический источник,2,0.15
ALL,образ мотив,образ мотив,2,0.15
ALL,мотив средневековый,мотив средневековый,2,0.15
ALL,ритуал ваджапея,ритуал ваджапея,2,0.15
ALL,скульптура пещерный,скульптура пещерный,2,0.15
ALL,храм южная_индия,храм Южная Индия,2,0.15
ALL,культура древний,культура древний,2,0.15
ALL,индия царство,Индия царство,2,0.15
ALL,миниатюра рагамаленький,миниатюра рагамаленький,2,0.15
ALL,характерный черта,характерный черта,2,0.15
ALL,черта индия,черта Индия,2,0.15
ALL,сериал сюжет,сериал сюжет,2,0.15
ALL,возможный исток,возможный исток,2,0.15
ALL,протоиндийский письменность,протоиндийский письменность,2,0.15
ALL,миф индия,миф Индия,2,0.15
ALL,санскрит фрагмент,санскрит фрагмент,2,0.15
ALL,сериндийский фонд,сериндийский фонд,2,0.15
ALL,несколько замечание,несколько замечание,2,0.15
ALL,период научный,период научный,2,0.15
ALL,научный карьера,научный карьера,2,0.15
ALL,карьера юрий_рерих,карьера Юрий Рерих,2,0.15
ALL,семантика контекст,семантика контекст,2,0.15
ALL,ритуальный комплекс,ритуальный комплекс,2,0.15
ALL,обряд неварский,обряд неварский,2,0.15
ALL,поэзия бхартрихари,поэзия бхартрихари,2,0.15
ALL,культ корзина,культ корзина,2,0.15
ALL,смена религия,смена религия,2,0.15
ALL,религия парадигма,религия парадигма,2,0.15
ALL,жертвоприношение сом,жертвоприношение сом,2,0.15
ALL,семантика цветообозначение,семантика цветообозначение,2,0.15
ALL,буддизм канонический,буддизм канонический,2,0.15
ALL,канонический текст,канонический текст,2,0.15
ALL,исполнительский традиция,исполнительский традиция,2,0.15
ALL,история источник,история источник,2,0.15
ALL,философия наследие,философия наследие,2,0.15
ALL,бог учение,бог учение,2,0.15
ALL,пьеса ватсарадж,пьеса ватсарадж,2,0.15
ALL,индия классификация,Индия классификация,2,0.15
ALL,обряд жизненный,обряд жизненный,2,0.15
ALL,джайнский пещерный,джайнский пещерный,2,0.15
ALL,храм махараштра,храм махараштра,2,0.15
ALL,махараштра контекст,махараштра контекст,2,0.15
ALL,путь освобождение,путь освобождение,2,0.15
ALL,комментарий бхагавадгита,комментарий Бхагавадгита,2,0.15
ALL,литература хинди,литература хинди,2,0.15
ALL,джнян чаупад,джнян чаупад,2,0.15
ALL,российский экспедиция,российский экспедиция,2,0.15
ALL,точка зрение,точка зрение,2,0.15
ALL,этимология лексика,этимология лексика,2,0.15
ALL,конец начало,конец начало,2,0.15
ALL,бхаванакрам камалашила,бхаванакрам камалашила,2,0.15
ALL,сит агнуть,сит агнуть,2,0.15
ALL,агнуть рамаяна,агнуть Рамаяна,2,0.15
ALL,потоп тыква,потоп тыква,2,0.15
ALL,индия художник,Индия художник,2,0.15
ALL,новый взгляд,новый взгляд,2,0.15
ALL,ритуальный практика,ритуальный практика,2,0.15
Roerich Readings,пали канон,палийский канон,8,1.69
Roerich Readings,древний индия,Древняя Индия,8,1.69
Roerich Readings,центральный азия,центральный Азия,7,1.48
Roerich Readings,текстовый традиция,текстовый традиция,6,1.27
Roerich Readings,вастувидья пураны,вастувидья пураны,5,1.06
Roerich Readings,кашмирский шиваизм,кашмирский шиваизм,4,0.85
Roerich Readings,тамильский поэзия,тамильская поэзия,4,0.85
Roerich Readings,ранний буддизм,ранний буддизм,4,0.85
Roerich Readings,санскрит драма,санскритская драма,4,0.85
Roerich Readings,кабинет юрий_рерих,Кабинет Юрия Рериха,4,0.85
Roerich Readings,артхашастр каутилья,артхашастр каутилья,3,0.64
Roerich Readings,средневековый индия,средневековый Индия,3,0.64
Roerich Readings,средневековый ирландский,средневековый ирландский,3,0.64
Roerich Readings,прием почетный,прием почетный,3,0.64
Roerich Readings,тибет язык,Тибет язык,3,0.64
Roerich Readings,санскрит пали,санскрит пали,3,0.64
Roerich Readings,буддизм сутра,буддизм сутра,3,0.64
Roerich Readings,ив_ран москва,ИВ РАН Москва,3,0.64
Roerich Readings,пещерный храм,пещерный храм,3,0.64
Roerich Readings,эпический традиция,эпический традиция,3,0.64
Roerich Readings,собрание кабинет,собрание кабинет,3,0.64
Roerich Readings,танка собрание,танка собрание,3,0.64
Roerich Readings,юрий_рерих ив_ран,Юрий Рерих ИВ РАН,3,0.64
Roerich Readings,ритуальный текст,ритуальный текст,3,0.64
Roerich Readings,трактат вастувидья,трактат вастувидья,3,0.64
Roerich Readings,поэзия бхакти,поэзия бхакти,3,0.64
Roerich Readings,санскрит джатака,санскрит джатака,3,0.64
Roerich Readings,имперский идея,имперский идея,3,0.64
Roerich Readings,классический санскрит,классический санскрит,3,0.64
Roerich Readings,ритуал текст,ритуал текст,2,0.42
Roerich Readings,текст вастувидие,текст вастувидие,2,0.42
Roerich Readings,вастувидие пураны,вастувидие пураны,2,0.42
Roerich Readings,коллекция одесский,коллекция одесский,2,0.42
Roerich Readings,древний средневековый,древний средневековый,2,0.42
Roerich Readings,древний махакавие,древний махакавие,2,0.42
Roerich Readings,зеркало конец,зеркало конец,2,0.42
Roerich Readings,конец иллюзия,конец иллюзия,2,0.42
Roerich Readings,тибет китайский,Тибет китайский,2,0.42
Roerich Readings,обозначение пространство,обозначение пространство,2,0.42
Roerich Readings,санскрит текст,санскрит текст,2,0.42
Roerich Readings,кочевник центральный,кочевник центральный,2,0.42
Roerich Readings,будда шакьямунь,Будда шакьямунь,2,0.42
Roerich Readings,шакьямунь тибет,шакьямунь Тибет,2,0.42
Roerich Readings,тибет традиция,Тибет традиция,2,0.42
Roerich Readings,музей украина,музей украина,2,0.42
Roerich Readings,китайский перевод,китайский перевод,2,0.42
Roerich Readings,источник история,источник история,2,0.42
Roerich Readings,средневековый текст,средневековый текст,2,0.42
Roerich Readings,индия средневековый,средневековая Индия,2,0.42
Roerich Readings,древний тюрк,древний тюрк,2,0.42
Roerich Readings,японский буддизм,японский буддизм,2,0.42
Roerich Readings,долина катманду,долина Катманду,2,0.42
Roerich Readings,ишварапратьябхиджень-вимаршиня абхинавагупта,ишварапратьябхиджень-вимаршиня Абхинавагупта,2,0.42
Roerich Readings,традиция танка,традиция танка,2,0.42
Roerich Readings,танка коллекция,танка коллекция,2,0.42
Roerich Readings,традиционный индия,традиционная Индия,2,0.42
Roerich Readings,раннебуддийский литература,раннебуддийский литература,2,0.42
Roerich Readings,надпись брахй,надпись брахй,2,0.42
Roerich Readings,брахй центральный,брахй центральный,2,0.42
Roerich Readings,центральный индия,центральный Индия,2,0.42
Roerich Readings,ритуал прием,ритуал прием,2,0.42
Roerich Readings,почетный гость,почетный гость,2,0.42
Roerich Readings,первый часть,первый часть,2,0.42
Roerich Readings,иконографический программа,иконографический программа,2,0.42
Roerich Readings,эпиграфический текст,эпиграфический текст,2,0.42
Roerich Readings,белый старец,белый старец,2,0.42
Roerich Readings,коллекция кабинет,коллекция кабинет,2,0.42
Roerich Readings,юрий рерих,Юрий Рерих,2,0.42
Roerich Readings,музыкальный инструмент,музыкальный инструмент,2,0.42
Roerich Readings,храм аурангабад,храм аурангабад,2,0.42
Roerich Readings,непальский легенда,непальский легенда,2,0.42
Roerich Readings,ведийский эпический,ведийский эпический,2,0.42
Roerich Readings,жизнь будда,жизнь Будда,2,0.42
Roerich Readings,будда ашвагхошить,Будда ашвагхошить,2,0.42
Roerich Readings,буддизм храм,буддизм храм,2,0.42
Roerich Readings,символический язык,символический язык,2,0.42
Roerich Readings,буддизм ваджраяна,буддизм ваджраяна,2,0.42
Roerich Readings,монарший портрет,монарший портрет,2,0.42
Roerich Readings,индия текст,индийские тексты,2,0.42
Roerich Readings,диалект тибет,диалект Тибет,2,0.42
Roerich Readings,существование субъект,существование субъект,2,0.42
Roerich Readings,культ нарасинх,культ нарасинх,2,0.42
Roerich Readings,нарасинх трактат,нарасинх трактат,2,0.42
Roerich Readings,язык непасть,язык непасть,2,0.42
Roerich Readings,священный текст,священный текст,2,0.42
Roerich Readings,язык пали,язык пали,2,0.42
Roerich Readings,между буддист,между буддист,2,0.42
Roerich Readings,первый известный,первый известный,2,0.42
Roerich Readings,текст контекст,текст контекст,2,0.42
Roerich Readings,версия калачакр-тантра,версия калачакр-тантра,2,0.42
Roerich Readings,китайский источник,китайский источник,2,0.42
Roerich Readings,пали санскрит,пали санскрит,2,0.42
Roerich Readings,санскрит поэзия,санскрит поэзия,2,0.42
Roerich Readings,средство ведение,средство ведение,2,0.42
Roerich Readings,шиваитский канон,шиваитский канон,2,0.42
Roerich Readings,паннир тирумурья,паннир тирумурья,2,0.42
Roerich Readings,средневековый поэзия,средневековый поэзия,2,0.42
Roerich Readings,литература санскрит,литература санскрит,2,0.42
Roerich Readings,древнеиндийский эпос,древнеиндийский эпос,2,0.42
Roerich Readings,государственный музей,государственный музей,2,0.42
Roerich Readings,музей восток,музей восток,2,0.42
Roerich Readings,этимологический классификация,этимологический классификация,2,0.42
Roerich Readings,североиндийский поэзия,североиндийский поэзия,2,0.42
Roerich Readings,гималайский регион,гималайский регион,2,0.42
Roerich Readings,минаев маэ_ран,Минаев МАЭ РАН,2,0.42
Roerich Readings,буддизм философия,буддизм философия,2,0.42
Roerich Readings,юрий_рерих история,Юрий Рерих история,2,0.42
Roerich Readings,математический сочинение,математический сочинение,2,0.42
Roerich Readings,бытие бог,бытие бог,2,0.42
Roerich Readings,средневековый тамильский,средневековый тамильский,2,0.42
Roerich Readings,тамильский бхакти,тамильский бхакти,2,0.42
Roerich Readings,русский летопись,русский летопись,2,0.42
Roerich Readings,небывальщина парадокс,небывальщина парадокс,2,0.42
Roerich Readings,юрий_рерих новый,Юрий Рерих новый,2,0.42
Roerich Readings,речевой сбой,речевой сбой,2,0.42
Roerich Readings,индия философия,философия Индии,2,0.42
Roerich Readings,отражение монгольский,отражение монгольский,2,0.42
Roerich Readings,монгольский имперский,монгольский имперский,2,0.42
Roerich Readings,картина мир,картина мир,2,0.42
Roerich Readings,мотив средневековый,мотив средневековый,2,0.42
Roerich Readings,индия царство,Индия царство,2,0.42
Roerich Readings,несколько замечание,несколько замечание,2,0.42
Roerich Readings,период научный,период научный,2,0.42
Roerich Readings,научный карьера,научный карьера,2,0.42
Roerich Readings,карьера юрий_рерих,карьера Юрий Рерих,2,0.42
Roerich Readings,день рождение,день рождение,2,0.42
Roerich Readings,культ корзина,культ корзина,2,0.42
Roerich Readings,смена религия,смена религия,2,0.42
Roerich Readings,религия парадигма,религия парадигма,2,0.42
Roerich Readings,этимология семантика,этимология семантика,2,0.42
Roerich Readings,семантика цветообозначение,семантика цветообозначение,2,0.42
Roerich Readings,пьеса ватсарадж,пьеса ватсарадж,2,0.42
Roerich Readings,индия классификация,Индия классификация,2,0.42
Zograf Readings,индия философия,философия Индии,15,1.7
Zograf Readings,история индия,история Индии,9,1.02
Zograf Readings,бенгальский возрождение,бенгальский возрождение,7,0.8
Zograf Readings,ведийский текст,ведийский текст,7,0.8
Zograf Readings,грамматика панини,грамматика Панини,6,0.68
Zograf Readings,неварский буддизм,неварский буддизм,6,0.68
Zograf Readings,современный индия,современный Индия,5,0.57
Zograf Readings,мыслитель бенгальский,мыслитель бенгальский,5,0.57
Zograf Readings,санскрит драма,санскритская драма,5,0.57
Zograf Readings,кашмирский шиваизм,кашмирский шиваизм,5,0.57
Zograf Readings,индия диаспора,Индия диаспора,5,0.57
Zograf Readings,традиционный текст,традиционный текст,5,0.57
Zograf Readings,стихотворный размер,стихотворный размер,5,0.57
Zograf Readings,свами вивекананда,свами Вивекананда,5,0.57
Zograf Readings,программа возможный,программа возможный,4,0.45
Zograf Readings,возможный изменение,возможный изменение,4,0.45
Zograf Readings,ранний буддизм,ранний буддизм,4,0.45
Zograf Readings,индия культура,культура Индии,4,0.45
Zograf Readings,индия текст,индийские тексты,4,0.45
Zograf Readings,тамильский поэзия,тамильская поэзия,4,0.45
Zograf Readings,текст индия,текст Индия,4,0.45
Zograf Readings,индуистский тантра,индуистский тантра,4,0.45
Zograf Readings,фонд ивр_ран,фонд ИВР РАН,4,0.45
Zograf Readings,индия кинематограф,Индия кинематограф,4,0.45
Zograf Readings,индоевропейский параллель,индоевропейский параллель,4,0.45
Zograf Readings,индия исток,Индия исток,4,0.45
Zograf Readings,индуистский тантризм,индуистский тантризм,4,0.45
Zograf Readings,язык куллуи,язык куллуи,4,0.45
Zograf Readings,предварительный сообщение,предварительный сообщение,3,0.34
Zograf Readings,изменение дополнение,изменение дополнение,3,0.34
Zograf Readings,традиционный индия,традиционная Индия,3,0.34
Zograf Readings,абхидхармакош васубандх,абхидхармакош васубандх,3,0.34
Zograf Readings,непосредственный восприятие,непосредственный восприятие,3,0.34
Zograf Readings,что такой,что такой,3,0.34
Zograf Readings,архитектура индия,архитектура Индия,3,0.34
Zograf Readings,богиня кали,богиня кали,3,0.34
Zograf Readings,текст культ,текст культ,3,0.34
Zograf Readings,далджито награ,далджито награ,3,0.34
Zograf Readings,аватар вишну,аватар Вишну,3,0.34
Zograf Readings,буддизм канон,буддизм канон,3,0.34
Zograf Readings,герасим лебедев,герасим лебедев,3,0.34
Zograf Readings,рабиндранат тагор,Рабиндранат Тагор,3,0.34
Zograf Readings,картина мир,картина мир,3,0.34
Zograf Readings,южный азия,южный Азия,3,0.34
Zograf Readings,миф потоп,миф потоп,3,0.34
Zograf Readings,христианский книга,христианский книга,3,0.34
Zograf Readings,книга индия,книга Индия,3,0.34
Zograf Readings,основной сюжет,основной сюжет,3,0.34
Zograf Readings,язык ладакх,язык ладакх,3,0.34
Zograf Readings,тамильский шайв-бхакть,тамильский шайв-бхакть,3,0.34
Zograf Readings,буддизм философия,буддизм философия,3,0.34
Zograf Readings,веданта дешик,веданта дешик,3,0.34
Zograf Readings,умапати шивачарья,умапати шивачарья,3,0.34
Zograf Readings,учение ошо,учение ошо,3,0.34
Zograf Readings,терминология родство,терминология родство,3,0.34
Zograf Readings,рамаяна вальмик,Рамаяна вальмик,3,0.34
Zograf Readings,ведийский ритуал,ведийский ритуал,3,0.34
Zograf Readings,коллекция маэ_ран,коллекция МАЭ РАН,3,0.34
Zograf Readings,индия мифологический,Индия мифологический,3,0.34
Zograf Readings,мифологический сериал,мифологический сериал,3,0.34
Zograf Readings,салман рушдить,салман рушдить,3,0.34
Zograf Readings,учение свами,учение свами,3,0.34
Zograf Readings,лексика язык,лексика язык,3,0.34
Zograf Readings,теория познание,теория познание,2,0.23
Zograf Readings,средневековый литература,средневековый литература,2,0.23
Zograf Readings,литература телугу,литература телугу,2,0.23
Zograf Readings,проза хинди,проза хинди,2,0.23
Zograf Readings,индуистский тантрический,индуистский тантрический,2,0.23
Zograf Readings,тантрический школа,тантрический школа,2,0.23
Zograf Readings,индия традиция,традиция Индии,2,0.23
Zograf Readings,книга махабхарат,книга махабхарат,2,0.23
Zograf Readings,слово ригведа,слово Ригведа,2,0.23
Zograf Readings,современный литература,современный литература,2,0.23
Zograf Readings,идея упанишад,идея упанишад,2,0.23
Zograf Readings,демонстрация видеоматериал,демонстрация видеоматериал,2,0.23
Zograf Readings,тибет текст,Тибет текст,2,0.23
Zograf Readings,текст гимн,текст гимн,2,0.23
Zograf Readings,текст школа,текст школа,2,0.23
Zograf Readings,энциклопедия абхидхарма,энциклопедия абхидхарма,2,0.23
Zograf Readings,абхидхарма васубандх,абхидхарма васубандх,2,0.23
Zograf Readings,санскрит литература,санскрит литература,2,0.23
Zograf Readings,фольклорный мотив,фольклорный мотив,2,0.23
Zograf Readings,контекст развитие,контекст развитие,2,0.23
Zograf Readings,индия памятник,Индия памятник,2,0.23
Zograf Readings,скотоводческий эпос,скотоводческий эпос,2,0.23
Zograf Readings,храмовый сооружение,храмовый сооружение,2,0.23
Zograf Readings,классический индия,классический Индия,2,0.23
Zograf Readings,старый тамильский,старый тамильский,2,0.23
Zograf Readings,священный текст,священный текст,2,0.23
Zograf Readings,образ птица,образ птица,2,0.23
Zograf Readings,сингал ланка,сингал Шри-Ланка,2,0.23
Zograf Readings,терминология грамматика,терминология грамматика,2,0.23
Zograf Readings,протоиндийский текст,протоиндийский текст,2,0.23
Zograf Readings,философия кашмирский,философия кашмирский,2,0.23
Zograf Readings,центральный индия,центральный Индия,2,0.23
Zograf Readings,так называть,так называть,2,0.23
Zograf Readings,восток запад,восток запад,2,0.23
Zograf Readings,русский перевод,русский перевод,2,0.23
Zograf Readings,побоище палица,побоище палица,2,0.23
Zograf Readings,язык богиня,язык богиня,2,0.23
Zograf Readings,бенгалия век,Бенгалия век,2,0.23
Zograf Readings,малика мухаммад,малика мухаммад,2,0.23
Zograf Readings,мухаммад джаясь,мухаммад джаясь,2,0.23
Zograf Readings,новый открытие,новый открытие,2,0.23
Zograf Readings,определение термин,определение термин,2,0.23
Zograf Readings,текст мыслитель,текст мыслитель,2,0.23
Zograf Readings,перевод буддизм,перевод буддизм,2,0.23
Zograf Readings,буддизм термин,буддизм термин,2,0.23
Zograf Readings,европейский философия,европейский философия,2,0.23
Zograf Readings,свитка век,свитка век,2,0.23
Zograf Readings,глагольный корень,глагольный корень,2,0.23
Zograf Readings,духовный освобождение,духовный освобождение,2,0.23
Zograf Readings,индия танец,Индия танец,2,0.23
Zograf Readings,буддизм учение,буддизм учение,2,0.23
Zograf Readings,санскрит рукопись,санскрит рукопись,2,0.23
Zograf Readings,индия поэзия,Индия поэзия,2,0.23
Zograf Readings,тибет буддизм,Тибет буддизм,2,0.23
Zograf Readings,лебедев британский,лебедев британский,2,0.23
Zograf Readings,британский элита,британский элита,2,0.23
Zograf Readings,элита колониальный,элита колониальный,2,0.23
Zograf Readings,колониальный калькутта,колониальный Калькутта,2,0.23
Zograf Readings,новый индия,новый Индия,2,0.23
Zograf Readings,кадамбари современный,кадамбари современный,2,0.23
Zograf Readings,собрание ивр_ран,собрание ИВР РАН,2,0.23
Zograf Readings,ведический традиция,ведический традиция,2,0.23
Zograf Readings,бхагавадгита шанкара,Бхагавадгита Шанкара,2,0.23
Zograf Readings,неварский повествовательный,неварский повествовательный,2,0.23
Zograf Readings,повествовательный свиток,повествовательный свиток,2,0.23
Zograf Readings,собрание маэ_ран,собрание МАЭ РАН,2,0.23
Zograf Readings,бенгальский ренессанс,бенгальский ренессанс,2,0.23
Zograf Readings,традиция ритуальный,традиция ритуальный,2,0.23
Zograf Readings,стиль индия,стиль Индия,2,0.23
Zograf Readings,автобиографический книга,автобиографический книга,2,0.23
Zograf Readings,книга найполый,книга найполый,2,0.23
Zograf Readings,сквозь призма,сквозь призма,2,0.23
Zograf Readings,через после,через после,2,0.23
Zograf Readings,образ кришна,образ Кришна,2,0.23
Zograf Readings,шанкара абхинавагупта,Шанкара Абхинавагупта,2,0.23
Zograf Readings,веданта европейский,веданта европейский,2,0.23
Zograf Readings,индия фонд,Индия фонд,2,0.23
Zograf Readings,современный баул,современный баул,2,0.23
Zograf Readings,хинди бенгальский,хинди бенгальский,2,0.23
Zograf Readings,бенгальский язык,бенгальский язык,2,0.23
Zograf Readings,иконография функция,иконография функция,2,0.23
Zograf Readings,ранний китайский,ранний китайский,2,0.23
Zograf Readings,китайский версия,китайский версия,2,0.23
Zograf Readings,версия биография,версия биография,2,0.23
Zograf Readings,биография будда,биография Будда,2,0.23
Zograf Readings,санскрит стихотворный,санскрит стихотворный,2,0.23
Zograf Readings,адивась популярный,адивась популярный,2,0.23
Zograf Readings,неоиндуизм бенгалия,неоиндуизм Бенгалия,2,0.23
Zograf Readings,шива натарадж,Шива натарадж,2,0.23
Zograf Readings,натарадж чидамбарам,натарадж чидамбарам,2,0.23
Zograf Readings,пословица поговорка,пословица поговорка,2,0.23
Zograf Readings,поэзия тамильский,тамильская поэзия,2,0.23
Zograf Readings,миссионерский история,миссионерский история,2,0.23
Zograf Readings,шрибхаший раманудж,шрибхаший Рамануджа,2,0.23
Zograf Readings,древний индия,Древняя Индия,2,0.23
Zograf Readings,философия дискурс,философия дискурс,2,0.23
Zograf Readings,сюжет просветление,сюжет просветление,2,0.23
Zograf Readings,прошлый настоящий,прошлый настоящий,2,0.23
Zograf Readings,буддизм тантра,буддизм тантра,2,0.23
Zograf Readings,герменевтика оберхаммер,герменевтика оберхаммер,2,0.23
Zograf Readings,чже цонкап,чже цонкап,2,0.23
Zograf Readings,ведийский исток,ведийский исток,2,0.23
Zograf Readings,театр тень,театр тень,2,0.23
Zograf Readings,философия компаративистика,философия компаративистика,2,0.23
Zograf Readings,жизнеописание будда,жизнеописание Будда,2,0.23
Zograf Readings,историография буддизм,историография буддизм,2,0.23
Zograf Readings,дравидология контекст,дравидология контекст,2,0.23
Zograf Readings,борьба собственный,борьба собственный,2,0.23
Zograf Readings,собственный язык,собственный язык,2,0.23
Zograf Readings,размышление повод,размышление повод,2,0.23
Zograf Readings,абхидхармакошабхаший васубандх,абхидхармакошабхаший васубандх,2,0.23
Zograf Readings,ведийский язык,ведийский язык,2,0.23
Zograf Readings,индия язык,Индия язык,2,0.23
Zograf Readings,схема рациональность,схема рациональность,2,0.23
Zograf Readings,собрание минаев,собрание Минаев,2,0.23
Zograf Readings,минаев маэ_ран,Минаев МАЭ РАН,2,0.23
Zograf Readings,равить варма,равить варма,2,0.23
Zograf Readings,локальный вариант,локальный вариант,2,0.23
Zograf Readings,древнеиндийский эпос,древнеиндийский эпос,2,0.23
Zograf Readings,будда дипанкара,Будда дипанкара,2,0.23
Zograf Readings,современный санскрит,современный санскрит,2,0.23
Zograf Readings,собрание маэ,собрание маэ,2,0.23
Zograf Readings,семантика терминология,семантика терминология,2,0.23
Zograf Readings,жизненный цикл,жизненный цикл,2,0.23
Zograf Readings,санскрит лексикография,санскрит лексикография,2,0.23
Zograf Readings,эпос рамаяна,эпос Рамаяна,2,0.23
Zograf Readings,правило грамматика,правило грамматика,2,0.23
Zograf Readings,классический санскрит,классический санскрит,2,0.23
Zograf Readings,большой ступа,большой ступа,2,0.23
Zograf Readings,ступа санча,ступа санча,2,0.23
Zograf Readings,кукольный театр,кукольный театр,2,0.23
Zograf Readings,театр западный,театр западный,2,0.23
Zograf Readings,западный бенгалия,западный Бенгалия,2,0.23
Zograf Readings,язык хинди,язык хинди,2,0.23
Zograf Readings,гимн ригведа,гимн Ригведа,2,0.23
Zograf Readings,игра знание,игра знание,2,0.23
Zograf Readings,южный мунда,южный мунда,2,0.23
Zograf Readings,русский язык,русский язык,2,0.23
Zograf Readings,буддизм экзегетический,буддизм экзегетический,2,0.23
Zograf Readings,экзегетический источник,экзегетический источник,2,0.23
Zograf Readings,характерный черта,характерный черта,2,0.23
Zograf Readings,черта индия,черта Индия,2,0.23
Zograf Readings,сериал сюжет,сериал сюжет,2,0.23
Zograf Readings,возможный исток,возможный исток,2,0.23
Zograf Readings,протоиндийский письменность,протоиндийский письменность,2,0.23
Zograf Readings,миф индия,миф Индия,2,0.23
Zograf Readings,санскрит фрагмент,санскрит фрагмент,2,0.23
Zograf Readings,сериндийский фонд,сериндийский фонд,2,0.23
Zograf Readings,семантика контекст,семантика контекст,2,0.23
Zograf Readings,история перспектива,история перспектива,2,0.23
Zograf Readings,ритуальный комплекс,ритуальный комплекс,2,0.23
Zograf Readings,обряд неварский,обряд неварский,2,0.23
Zograf Readings,поэзия бхартрихари,поэзия бхартрихари,2,0.23
Zograf Readings,буддизм канонический,буддизм канонический,2,0.23
Zograf Readings,канонический текст,канонический текст,2,0.23
Zograf Readings,исполнительский традиция,исполнительский традиция,2,0.23
Zograf Readings,история источник,история источник,2,0.23
Zograf Readings,философия наследие,философия наследие,2,0.23
Zograf Readings,бог учение,бог учение,2,0.23
Zograf Readings,пещерный храм,пещерный храм,2,0.23
Zograf Readings,путь освобождение,путь освобождение,2,0.23
Zograf Readings,комментарий бхагавадгита,комментарий Бхагавадгита,2,0.23
Zograf Readings,литература хинди,литература хинди,2,0.23
Zograf Readings,джнян чаупад,джнян чаупад,2,0.23
Zograf Readings,этимология лексика,этимология лексика,2,0.23
Zograf Readings,средневековый индия,средневековый Индия,2,0.23
Zograf Readings,потоп тыква,потоп тыква,2,0.23
Zograf Readings,индия художник,Индия художник,2,0.23
Zograf Readings,новый взгляд,новый взгляд,2,0.23
Zograf Readings,ритуальный практика,ритуальный практика,2,0.23
