priority_rank,person_id,display_name,full_name_ru,total_talks,reason,suggested_query,rinc_search_url,openalex_search_url,review_status
1,PERS_c52dfaa0,С. О. Цветкова,Цветкова Софья Олеговна,22,Many talks and no external ID; Initials-only display name,Цветкова Софья Олеговна индолог,https://elibrary.ru/authors.asp?fams=%D0%A6%D0%B2%D0%B5%D1%82%D0%BA%D0%BE%D0%B2%D0%B0&imas=%D0%A1%D0%BE%D1%84%D1%8C%D1%8F&otchs=%D0%9E%D0%BB%D0%B5%D0%B3%D0%BE%D0%B2%D0%BD%D0%B0,https://openalex.org/authors?search=Sofia%20Tsvetkova,todo
1,PERS_f074f69f,Н. В. Александрова,Александрова Наталия Владимировна,20,Many talks and no external ID; Initials-only display name,Александрова Наталия Владимировна индолог,https://elibrary.ru/authors.asp?fams=%D0%90%D0%BB%D0%B5%D0%BA%D1%81%D0%B0%D0%BD%D0%B4%D1%80%D0%BE%D0%B2%D0%B0&imas=%D0%9D%D0%B0%D1%82%D0%B0%D0%BB%D0%B8%D1%8F&otchs=%D0%92%D0%BB%D0%B0%D0%B4%D0%B8%D0%BC%D0%B8%D1%80%D0%BE%D0%B2%D0%BD%D0%B0,https://openalex.org/authors?search=Natalia%20Alexandrova,todo
1,PERS_11da326d,С. С. Тавастшерна,Тавастшерна Сергей Сергеевич,20,Many talks and no external ID; Initials-only display name,Тавастшерна Сергей Сергеевич индолог,https://elibrary.ru/authors.asp?fams=%D0%A2%D0%B0%D0%B2%D0%B0%D1%81%D1%82%D1%88%D0%B5%D1%80%D0%BD%D0%B0&imas=%D0%A1%D0%B5%D1%80%D0%B3%D0%B5%D0%B9&otchs=%D0%A1%D0%B5%D1%80%D0%B3%D0%B5%D0%B5%D0%B2%D0%B8%D1%87,https://openalex.org/authors?search=Sergey%20Tavastsherna,todo
1,PERS_d98da899,С. И. Рыжакова,Рыжакова Светлана Игоревна,19,Many talks and no external ID; Initials-only display name,Рыжакова Светлана Игоревна индолог,https://elibrary.ru/authors.asp?fams=%D0%A0%D1%8B%D0%B6%D0%B0%D0%BA%D0%BE%D0%B2%D0%B0&imas=%D0%A1%D0%B2%D0%B5%D1%82%D0%BB%D0%B0%D0%BD%D0%B0&otchs=%D0%98%D0%B3%D0%BE%D1%80%D0%B5%D0%B2%D0%BD%D0%B0,https://openalex.org/authors?search=Svetlana%20Ryzhakova,todo
1,PERS_12125da9,В. Г. Лысенко,Лысенко Виктория Георгиевна,16,Many talks and no external ID; Initials-only display name,Лысенко Виктория Георгиевна индолог,https://elibrary.ru/authors.asp?fams=%D0%9B%D1%8B%D1%81%D0%B5%D0%BD%D0%BA%D0%BE&imas=%D0%92%D0%B8%D0%BA%D1%82%D0%BE%D1%80%D0%B8%D1%8F&otchs=%D0%93%D0%B5%D0%BE%D1%80%D0%B3%D0%B8%D0%B5%D0%B2%D0%BD%D0%B0,https://openalex.org/authors?search=Victoria%20Lysenko,todo
1,PERS_40862f5e,Н. А. Корнеева,Корнеева Наталья Афанасьевна,15,Many talks and no external ID; Initials-only display name,Корнеева Наталья Афанасьевна индолог,https://elibrary.ru/authors.asp?fams=%D0%9A%D0%BE%D1%80%D0%BD%D0%B5%D0%B5%D0%B2%D0%B0&imas=%D0%9D%D0%B0%D1%82%D0%B0%D0%BB%D1%8C%D1%8F&otchs=%D0%90%D1%84%D0%B0%D0%BD%D0%B0%D1%81%D1%8C%D0%B5%D0%B2%D0%BD%D0%B0,https://openalex.org/authors?search=Natalia%20Korneeva,todo
1,PERS_1fa7cc0c,А. М. Дубянский,Дубянский Александр Михайлович,14,Many talks and no external ID; Initials-only display name,Дубянский Александр Михайлович индолог,https://elibrary.ru/authors.asp?fams=%D0%94%D1%83%D0%B1%D1%8F%D0%BD%D1%81%D0%BA%D0%B8%D0%B9&imas=%D0%90%D0%BB%D0%B5%D0%BA%D1%81%D0%B0%D0%BD%D0%B4%D1%80&otchs=%D0%9C%D0%B8%D1%85%D0%B0%D0%B9%D0%BB%D0%BE%D0%B2%D0%B8%D1%87,https://openalex.org/authors?search=Alexander%20Dubyansky,todo
1,PERS_1a097e52,А. В. Парибок,Парибок Андрей Всеволодович,13,Many talks and no external ID; Initials-only display name; Missing preferred Latin name,Парибок Андрей Всеволодович индолог,https://elibrary.ru/authors.asp?fams=%D0%9F%D0%B0%D1%80%D0%B8%D0%B1%D0%BE%D0%BA&imas=%D0%90%D0%BD%D0%B4%D1%80%D0%B5%D0%B9&otchs=%D0%92%D1%81%D0%B5%D0%B2%D0%BE%D0%BB%D0%BE%D0%B4%D0%BE%D0%B2%D0%B8%D1%87,,todo
1,PERS_5228da95,В. В. Вертоградова,Вертоградова Виктория Викторовна,13,Many talks and no external ID; Initials-only display name,Вертоградова Виктория Викторовна индолог,https://elibrary.ru/authors.asp?fams=%D0%92%D0%B5%D1%80%D1%82%D0%BE%D0%B3%D1%80%D0%B0%D0%B4%D0%BE%D0%B2%D0%B0&imas=%D0%92%D0%B8%D0%BA%D1%82%D0%BE%D1%80%D0%B8%D1%8F&otchs=%D0%92%D0%B8%D0%BA%D1%82%D0%BE%D1%80%D0%BE%D0%B2%D0%BD%D0%B0,https://openalex.org/authors?search=Victoria%20Vertogradova,todo
1,PERS_e1dd6b3e,Н. Р. Лидова,Лидова Наталья Ростиславовна,13,Many talks and no external ID; Initials-only display name,Лидова Наталья Ростиславовна индолог,https://elibrary.ru/authors.asp?fams=%D0%9B%D0%B8%D0%B4%D0%BE%D0%B2%D0%B0&imas=%D0%9D%D0%B0%D1%82%D0%B0%D0%BB%D1%8C%D1%8F&otchs=%D0%A0%D0%BE%D1%81%D1%82%D0%B8%D1%81%D0%BB%D0%B0%D0%B2%D0%BE%D0%B2%D0%BD%D0%B0,https://openalex.org/authors?search=Natalia%20Lidova,todo
1,PERS_e31ca12d,О. П. Вечерина,Вечерина Ольга Павловна,13,Many talks and no external ID; Initials-only display name,Вечерина Ольга Павловна индолог,https://elibrary.ru/authors.asp?fams=%D0%92%D0%B5%D1%87%D0%B5%D1%80%D0%B8%D0%BD%D0%B0&imas=%D0%9E%D0%BB%D1%8C%D0%B3%D0%B0&otchs=%D0%9F%D0%B0%D0%B2%D0%BB%D0%BE%D0%B2%D0%BD%D0%B0,https://openalex.org/authors?search=Olga%20Vecherina,todo
1,PERS_3e105f43,А. А. Игнатьев,Игнатьев Андрей Александрович,12,Many talks and no external ID; Initials-only display name; Missing preferred Latin name,Игнатьев Андрей Александрович индолог,https://elibrary.ru/authors.asp?fams=%D0%98%D0%B3%D0%BD%D0%B0%D1%82%D1%8C%D0%B5%D0%B2&imas=%D0%90%D0%BD%D0%B4%D1%80%D0%B5%D0%B9&otchs=%D0%90%D0%BB%D0%B5%D0%BA%D1%81%D0%B0%D0%BD%D0%B4%D1%80%D0%BE%D0%B2%D0%B8%D1%87,,todo
1,PERS_e9545a0b,А. М. Шустова,Шустова Алла Михайловна,12,Many talks and no external ID; Initials-only display name; Missing preferred Latin name,Шустова Алла Михайловна индолог,https://elibrary.ru/authors.asp?fams=%D0%A8%D1%83%D1%81%D1%82%D0%BE%D0%B2%D0%B0&imas=%D0%90%D0%BB%D0%BB%D0%B0&otchs=%D0%9C%D0%B8%D1%85%D0%B0%D0%B9%D0%BB%D0%BE%D0%B2%D0%BD%D0%B0,,todo
1,PERS_6578b52d,Е. В. Тюлина,Тюлина Елена Владимировна,12,Many talks and no external ID; Initials-only display name; Missing preferred Latin name,Тюлина Елена Владимировна индолог,https://elibrary.ru/authors.asp?fams=%D0%A2%D1%8E%D0%BB%D0%B8%D0%BD%D0%B0&imas=%D0%95%D0%BB%D0%B5%D0%BD%D0%B0&otchs=%D0%92%D0%BB%D0%B0%D0%B4%D0%B8%D0%BC%D0%B8%D1%80%D0%BE%D0%B2%D0%BD%D0%B0,,todo
1,PERS_9374fd12,Е. Г. Вырщиков,Вырщиков Евгений Геннадьевич,12,Many talks and no external ID; Initials-only display name; Missing preferred Latin name,Вырщиков Евгений Геннадьевич индолог,https://elibrary.ru/authors.asp?fams=%D0%92%D1%8B%D1%80%D1%89%D0%B8%D0%BA%D0%BE%D0%B2&imas=%D0%95%D0%B2%D0%B3%D0%B5%D0%BD%D0%B8%D0%B9&otchs=%D0%93%D0%B5%D0%BD%D0%BD%D0%B0%D0%B4%D1%8C%D0%B5%D0%B2%D0%B8%D1%87,,todo
1,PERS_003adcfe,Р. В. Псху,Псху Рузана Владимировна,12,Many talks and no external ID; Initials-only display name; Missing preferred Latin name,Псху Рузана Владимировна индолог,https://elibrary.ru/authors.asp?fams=%D0%9F%D1%81%D1%85%D1%83&imas=%D0%A0%D1%83%D0%B7%D0%B0%D0%BD%D0%B0&otchs=%D0%92%D0%BB%D0%B0%D0%B4%D0%B8%D0%BC%D0%B8%D1%80%D0%BE%D0%B2%D0%BD%D0%B0,,todo
1,PERS_829c1de5,Я. В. Васильков,Васильков Ярослав Владимирович,12,Many talks and no external ID; Initials-only display name; Missing preferred Latin name,Васильков Ярослав Владимирович индолог,https://elibrary.ru/authors.asp?fams=%D0%92%D0%B0%D1%81%D0%B8%D0%BB%D1%8C%D0%BA%D0%BE%D0%B2&imas=%D0%AF%D1%80%D0%BE%D1%81%D0%BB%D0%B0%D0%B2&otchs=%D0%92%D0%BB%D0%B0%D0%B4%D0%B8%D0%BC%D0%B8%D1%80%D0%BE%D0%B2%D0%B8%D1%87,,todo
1,PERS_56508328,Е. А. Десницкая,Десницкая Евгения Алексеевна,11,Many talks and no external ID; Initials-only display name; Missing preferred Latin name,Десницкая Евгения Алексеевна индолог,https://elibrary.ru/authors.asp?fams=%D0%94%D0%B5%D1%81%D0%BD%D0%B8%D1%86%D0%BA%D0%B0%D1%8F&imas=%D0%95%D0%B2%D0%B3%D0%B5%D0%BD%D0%B8%D1%8F&otchs=%D0%90%D0%BB%D0%B5%D0%BA%D1%81%D0%B5%D0%B5%D0%B2%D0%BD%D0%B0,,todo
1,PERS_da862dde,Ю. И. Дробышев,Дробышев Юлий Игорьевич,11,Many talks and no external ID; Initials-only display name; Missing preferred Latin name,Дробышев Юлий Игорьевич индолог,https://elibrary.ru/authors.asp?fams=%D0%94%D1%80%D0%BE%D0%B1%D1%8B%D1%88%D0%B5%D0%B2&imas=%D0%AE%D0%BB%D0%B8%D0%B9&otchs=%D0%98%D0%B3%D0%BE%D1%80%D1%8C%D0%B5%D0%B2%D0%B8%D1%87,,todo
1,PERS_61202bf3,Ю. М. Алиханова,Ю. М. Алиханова,11,Many talks and no external ID; Initials-only display name,Ю. М. Алиханова индолог,https://elibrary.ru/authors.asp?fams=%D0%90%D0%BB%D0%B8%D1%85%D0%B0%D0%BD%D0%BE%D0%B2%D0%B0&imas=%D0%AE&otchs=%D0%9C,https://openalex.org/authors?search=Yulia%20Alikhanova,todo
1,PERS_05d56645,А. Н. Бабин,А. Н. Бабин,10,Many talks and no external ID; Initials-only display name,А. Н. Бабин индолог,https://elibrary.ru/authors.asp?fams=%D0%91%D0%B0%D0%B1%D0%B8%D0%BD&imas=%D0%90&otchs=%D0%9D,https://openalex.org/authors?search=Alexander%20Babin,todo
1,PERS_92868e4f,Д. И. Жутаев,Жутаев Дмитрий Игоревич,10,Many talks and no external ID; Initials-only display name,Жутаев Дмитрий Игоревич индолог,https://elibrary.ru/authors.asp?fams=%D0%96%D1%83%D1%82%D0%B0%D0%B5%D0%B2&imas=%D0%94%D0%BC%D0%B8%D1%82%D1%80%D0%B8%D0%B9&otchs=%D0%98%D0%B3%D0%BE%D1%80%D0%B5%D0%B2%D0%B8%D1%87,https://openalex.org/authors?search=Dmitry%20Zhutaev,todo
1,PERS_41d6aa73,Д. Н. Воробьева,Воробьева Дарья Николаевна,10,Many talks and no external ID; Initials-only display name,Воробьева Дарья Николаевна индолог,https://elibrary.ru/authors.asp?fams=%D0%92%D0%BE%D1%80%D0%BE%D0%B1%D1%8C%D0%B5%D0%B2%D0%B0&imas=%D0%94%D0%B0%D1%80%D1%8C%D1%8F&otchs=%D0%9D%D0%B8%D0%BA%D0%BE%D0%BB%D0%B0%D0%B5%D0%B2%D0%BD%D0%B0,https://openalex.org/authors?search=Daria%20Vorobyeva,todo
1,PERS_c48611e0,Е. П. Островская,Островская Елена Петровна,10,Many talks and no external ID; Initials-only display name; Missing preferred Latin name,Островская Елена Петровна индолог,https://elibrary.ru/authors.asp?fams=%D0%9E%D1%81%D1%82%D1%80%D0%BE%D0%B2%D1%81%D0%BA%D0%B0%D1%8F&imas=%D0%95%D0%BB%D0%B5%D0%BD%D0%B0&otchs=%D0%9F%D0%B5%D1%82%D1%80%D0%BE%D0%B2%D0%BD%D0%B0,,todo
1,PERS_9a855a7b,М. Ф. Альбедиль,М. Ф. Альбедиль,10,Many talks and no external ID; Initials-only display name; Missing preferred Latin name,М. Ф. Альбедиль индолог,https://elibrary.ru/authors.asp?fams=%D0%90%D0%BB%D1%8C%D0%B1%D0%B5%D0%B4%D0%B8%D0%BB%D1%8C&imas=%D0%9C&otchs=%D0%A4,,todo
1,PERS_ea44fd14,А. Г. Люлина,Люлина Анастасия Геннадьевна,9,Many talks and no external ID; Initials-only display name; Missing preferred Latin name,Люлина Анастасия Геннадьевна индолог,https://elibrary.ru/authors.asp?fams=%D0%9B%D1%8E%D0%BB%D0%B8%D0%BD%D0%B0&imas=%D0%90%D0%BD%D0%B0%D1%81%D1%82%D0%B0%D1%81%D0%B8%D1%8F&otchs=%D0%93%D0%B5%D0%BD%D0%BD%D0%B0%D0%B4%D1%8C%D0%B5%D0%B2%D0%BD%D0%B0,,todo
1,PERS_f2fef030,А. Г. Мехакян,А. Г. Мехакян,9,Many talks and no external ID; Initials-only display name,А. Г. Мехакян индолог,https://elibrary.ru/authors.asp?fams=%D0%9C%D0%B5%D1%85%D0%B0%D0%BA%D1%8F%D0%BD&imas=%D0%90&otchs=%D0%93,https://openalex.org/authors?search=Areg%20Mekhakyan,todo
1,PERS_5ed752d9,Б. У. Китинов,Б. У. Китинов,9,Many talks and no external ID; Initials-only display name; Missing preferred Latin name,Б. У. Китинов индолог,https://elibrary.ru/authors.asp?fams=%D0%9A%D0%B8%D1%82%D0%B8%D0%BD%D0%BE%D0%B2&imas=%D0%91&otchs=%D0%A3,,todo
1,PERS_8e117242,Е. А. Юдицкая,Е. А. Юдицкая,9,Many talks and no external ID; Initials-only display name,Е. А. Юдицкая индолог,https://elibrary.ru/authors.asp?fams=%D0%AE%D0%B4%D0%B8%D1%86%D0%BA%D0%B0%D1%8F&imas=%D0%95&otchs=%D0%90,https://openalex.org/authors?search=Elena%20Yuditskaya,todo
1,PERS_e72d4c09,Е. Д. Огнева,Е. Д. Огнева,9,Many talks and no external ID; Initials-only display name; Missing preferred Latin name,Е. Д. Огнева индолог,https://elibrary.ru/authors.asp?fams=%D0%9E%D0%B3%D0%BD%D0%B5%D0%B2%D0%B0&imas=%D0%95&otchs=%D0%94,,todo
1,PERS_5d324297,К. П. Шрестха,К. П. Шрестха,9,Many talks and no external ID; Initials-only display name; Missing preferred Latin name,К. П. Шрестха индолог,https://elibrary.ru/authors.asp?fams=%D0%A8%D1%80%D0%B5%D1%81%D1%82%D1%85%D0%B0&imas=%D0%9A&otchs=%D0%9F,,todo
1,PERS_3b196639,Н. В. Гордийчук,Н. В. Гордийчук,9,Many talks and no external ID; Initials-only display name,Н. В. Гордийчук индолог,https://elibrary.ru/authors.asp?fams=%D0%93%D0%BE%D1%80%D0%B4%D0%B8%D0%B9%D1%87%D1%83%D0%BA&imas=%D0%9D&otchs=%D0%92,https://openalex.org/authors?search=Nikolai%20Gordiichuk,todo
1,PERS_260a598a,С. В. Пахомов,С. В. Пахомов,9,Many talks and no external ID; Initials-only display name; Missing preferred Latin name,С. В. Пахомов индолог,https://elibrary.ru/authors.asp?fams=%D0%9F%D0%B0%D1%85%D0%BE%D0%BC%D0%BE%D0%B2&imas=%D0%A1&otchs=%D0%92,,todo
1,PERS_a0264ac5,С. Л. Бурмистров,Бурмистров Сергей Леонидович,9,Many talks and no external ID; Initials-only display name; Missing preferred Latin name,Бурмистров Сергей Леонидович индолог,https://elibrary.ru/authors.asp?fams=%D0%91%D1%83%D1%80%D0%BC%D0%B8%D1%81%D1%82%D1%80%D0%BE%D0%B2&imas=%D0%A1%D0%B5%D1%80%D0%B3%D0%B5%D0%B9&otchs=%D0%9B%D0%B5%D0%BE%D0%BD%D0%B8%D0%B4%D0%BE%D0%B2%D0%B8%D1%87,,todo
1,PERS_2fd442aa,С. Ч. Офертас,С. Ч. Офертас,9,Many talks and no external ID; Initials-only display name; Missing preferred Latin name,С. Ч. Офертас индолог,https://elibrary.ru/authors.asp?fams=%D0%9E%D1%84%D0%B5%D1%80%D1%82%D0%B0%D1%81&imas=%D0%A1&otchs=%D0%A7,,todo
1,PERS_3357f25b,Т. Г. Скороходова,Скороходова Татьяна Григорьевна,9,Many talks and no external ID; Initials-only display name; Missing preferred Latin name,Скороходова Татьяна Григорьевна индолог,https://elibrary.ru/authors.asp?fams=%D0%A1%D0%BA%D0%BE%D1%80%D0%BE%D1%85%D0%BE%D0%B4%D0%BE%D0%B2%D0%B0&imas=%D0%A2%D0%B0%D1%82%D1%8C%D1%8F%D0%BD%D0%B0&otchs=%D0%93%D1%80%D0%B8%D0%B3%D0%BE%D1%80%D1%8C%D0%B5%D0%B2%D0%BD%D0%B0,,todo
1,PERS_36dabb79,А. Г. Гурия,Гурия Анастасия Георгиевна,8,Many talks and no external ID; Initials-only display name,Гурия Анастасия Георгиевна индолог,https://elibrary.ru/authors.asp?fams=%D0%93%D1%83%D1%80%D0%B8%D1%8F&imas=%D0%90%D0%BD%D0%B0%D1%81%D1%82%D0%B0%D1%81%D0%B8%D1%8F&otchs=%D0%93%D0%B5%D0%BE%D1%80%D0%B3%D0%B8%D0%B5%D0%B2%D0%BD%D0%B0,https://openalex.org/authors?search=Anastasia%20Guriya,todo
1,PERS_7542d270,М. Б. Демченко,М. Б. Демченко,8,Many talks and no external ID; Initials-only display name; Missing preferred Latin name,М. Б. Демченко индолог,https://elibrary.ru/authors.asp?fams=%D0%94%D0%B5%D0%BC%D1%87%D0%B5%D0%BD%D0%BA%D0%BE&imas=%D0%9C&otchs=%D0%91,,todo
1,PERS_5d34c947,О. А. Волошина,О. А. Волошина,8,Many talks and no external ID; Initials-only display name; Missing preferred Latin name,О. А. Волошина индолог,https://elibrary.ru/authors.asp?fams=%D0%92%D0%BE%D0%BB%D0%BE%D1%88%D0%B8%D0%BD%D0%B0&imas=%D0%9E&otchs=%D0%90,,todo
1,PERS_fb25c80f,Т. В. Ермакова,Ермакова Татьяна Викторовна,8,Many talks and no external ID; Initials-only display name; Missing preferred Latin name,Ермакова Татьяна Викторовна индолог,https://elibrary.ru/authors.asp?fams=%D0%95%D1%80%D0%BC%D0%B0%D0%BA%D0%BE%D0%B2%D0%B0&imas=%D0%A2%D0%B0%D1%82%D1%8C%D1%8F%D0%BD%D0%B0&otchs=%D0%92%D0%B8%D0%BA%D1%82%D0%BE%D1%80%D0%BE%D0%B2%D0%BD%D0%B0,,todo
1,PERS_50d73711,А. А. Смирнитская,А. А. Смирнитская,7,Many talks and no external ID; Initials-only display name,А. А. Смирнитская индолог,https://elibrary.ru/authors.asp?fams=%D0%A1%D0%BC%D0%B8%D1%80%D0%BD%D0%B8%D1%82%D1%81%D0%BA%D0%B0%D1%8F&imas=%D0%90&otchs=%D0%90,https://openalex.org/authors?search=Anna%20Smirnitskaya,todo
1,PERS_c5677a3f,А. В. Зорин,Зорин Алексей Валерьевич,7,Many talks and no external ID; Initials-only display name; Missing preferred Latin name,Зорин Алексей Валерьевич индолог,https://elibrary.ru/authors.asp?fams=%D0%97%D0%BE%D1%80%D0%B8%D0%BD&imas=%D0%90%D0%BB%D0%B5%D0%BA%D1%81%D0%B5%D0%B9&otchs=%D0%92%D0%B0%D0%BB%D0%B5%D1%80%D1%8C%D0%B5%D0%B2%D0%B8%D1%87,,todo
1,PERS_72506535,А. С. Крылова,А. С. Крылова,7,Many talks and no external ID; Initials-only display name,А. С. Крылова индолог,https://elibrary.ru/authors.asp?fams=%D0%9A%D1%80%D1%8B%D0%BB%D0%BE%D0%B2%D0%B0&imas=%D0%90&otchs=%D0%A1,https://openalex.org/authors?search=Anastasia%20Krylova,todo
1,PERS_cfb92c5f,Е. А. Уланский,Уланский Евгений Андреевич,7,Many talks and no external ID; Initials-only display name,Уланский Евгений Андреевич индолог,https://elibrary.ru/authors.asp?fams=%D0%A3%D0%BB%D0%B0%D0%BD%D1%81%D0%BA%D0%B8%D0%B9&imas=%D0%95%D0%B2%D0%B3%D0%B5%D0%BD%D0%B8%D0%B9&otchs=%D0%90%D0%BD%D0%B4%D1%80%D0%B5%D0%B5%D0%B2%D0%B8%D1%87,https://openalex.org/authors?search=Evgeny%20Ulansky,todo
1,PERS_1c6fcce5,Е. О. Кузина,Е. О. Кузина,7,Many talks and no external ID; Initials-only display name,Е. О. Кузина индолог,https://elibrary.ru/authors.asp?fams=%D0%9A%D1%83%D0%B7%D0%B8%D0%BD%D0%B0&imas=%D0%95&otchs=%D0%9E,https://openalex.org/authors?search=Elizaveta%20Kuzina,todo
1,PERS_9f398436,Л. И. Куликов,Л. И. Куликов,7,Many talks and no external ID; Initials-only display name,Л. И. Куликов индолог,https://elibrary.ru/authors.asp?fams=%D0%9A%D1%83%D0%BB%D0%B8%D0%BA%D0%BE%D0%B2&imas=%D0%9B&otchs=%D0%98,https://openalex.org/authors?search=Leonid%20Kulikov,todo
1,PERS_0e0a154e,Л. И. Титлин,Л. И. Титлин,7,Many talks and no external ID; Initials-only display name,Л. И. Титлин индолог,https://elibrary.ru/authors.asp?fams=%D0%A2%D0%B8%D1%82%D0%BB%D0%B8%D0%BD&imas=%D0%9B&otchs=%D0%98,https://openalex.org/authors?search=Lev%20Titlin,todo
1,PERS_db046be0,Р. Н. Сабирова,Р. Н. Сабирова,7,Many talks and no external ID; Initials-only display name; Missing preferred Latin name,Р. Н. Сабирова индолог,https://elibrary.ru/authors.asp?fams=%D0%A1%D0%B0%D0%B1%D0%B8%D1%80%D0%BE%D0%B2%D0%B0&imas=%D0%A0&otchs=%D0%9D,,todo
1,PERS_df6e2007,А. А. Мехакян,А. А. Мехакян,6,Many talks and no external ID; Initials-only display name; Missing preferred Latin name,А. А. Мехакян индолог,https://elibrary.ru/authors.asp?fams=%D0%9C%D0%B5%D1%85%D0%B0%D0%BA%D1%8F%D0%BD&imas=%D0%90&otchs=%D0%90,,todo
1,PERS_ebb6d156,А. В. Ложкина,Ложкина Анастасия Витальевна,6,Many talks and no external ID; Initials-only display name,Ложкина Анастасия Витальевна индолог,https://elibrary.ru/authors.asp?fams=%D0%9B%D0%BE%D0%B6%D0%BA%D0%B8%D0%BD%D0%B0&imas=%D0%90%D0%BD%D0%B0%D1%81%D1%82%D0%B0%D1%81%D0%B8%D1%8F&otchs=%D0%92%D0%B8%D1%82%D0%B0%D0%BB%D1%8C%D0%B5%D0%B2%D0%BD%D0%B0,https://openalex.org/authors?search=Anastasia%20Lozhkina,todo
1,PERS_287fe378,А. Г. Рыбакова,Рыбакова Анна Геннадьевна,6,Many talks and no external ID; Initials-only display name; Missing preferred Latin name,Рыбакова Анна Геннадьевна индолог,https://elibrary.ru/authors.asp?fams=%D0%A0%D1%8B%D0%B1%D0%B0%D0%BA%D0%BE%D0%B2%D0%B0&imas=%D0%90%D0%BD%D0%BD%D0%B0&otchs=%D0%93%D0%B5%D0%BD%D0%BD%D0%B0%D0%B4%D1%8C%D0%B5%D0%B2%D0%BD%D0%B0,,todo
1,PERS_9ad66151,Д. Н. Лелюхин,Д. Н. Лелюхин,6,Many talks and no external ID; Initials-only display name; Missing preferred Latin name,Д. Н. Лелюхин индолог,https://elibrary.ru/authors.asp?fams=%D0%9B%D0%B5%D0%BB%D1%8E%D1%85%D0%B8%D0%BD&imas=%D0%94&otchs=%D0%9D,,todo
1,PERS_d2559ba1,Е. С. Лепехова,Е. С. Лепехова,6,Many talks and no external ID; Initials-only display name; Missing preferred Latin name,Е. С. Лепехова индолог,https://elibrary.ru/authors.asp?fams=%D0%9B%D0%B5%D0%BF%D0%B5%D1%85%D0%BE%D0%B2%D0%B0&imas=%D0%95&otchs=%D0%A1,,todo
1,PERS_f19cd8a1,И. Ю. Котин,Котин Игорь Юрьевич,6,Many talks and no external ID; Initials-only display name; Missing preferred Latin name,Котин Игорь Юрьевич индолог,https://elibrary.ru/authors.asp?fams=%D0%9A%D0%BE%D1%82%D0%B8%D0%BD&imas=%D0%98%D0%B3%D0%BE%D1%80%D1%8C&otchs=%D0%AE%D1%80%D1%8C%D0%B5%D0%B2%D0%B8%D1%87,,todo
1,PERS_23215083,М. А. Русанов,М. А. Русанов,6,Many talks and no external ID; Initials-only display name; Missing preferred Latin name,М. А. Русанов индолог,https://elibrary.ru/authors.asp?fams=%D0%A0%D1%83%D1%81%D0%B0%D0%BD%D0%BE%D0%B2&imas=%D0%9C&otchs=%D0%90,,todo
1,PERS_efc88709,Н. А. Канаева,Н. А. Канаева,6,Many talks and no external ID; Initials-only display name,Н. А. Канаева индолог,https://elibrary.ru/authors.asp?fams=%D0%9A%D0%B0%D0%BD%D0%B0%D0%B5%D0%B2%D0%B0&imas=%D0%9D&otchs=%D0%90,https://openalex.org/authors?search=Natalia%20Kanaeva,todo
1,PERS_bc97fb65,Н. Г. Краснодембская,Н. Г. Краснодембская,6,Many talks and no external ID; Initials-only display name; Missing preferred Latin name,Н. Г. Краснодембская индолог,https://elibrary.ru/authors.asp?fams=%D0%9A%D1%80%D0%B0%D1%81%D0%BD%D0%BE%D0%B4%D0%B5%D0%BC%D0%B1%D1%81%D0%BA%D0%B0%D1%8F&imas=%D0%9D&otchs=%D0%93,,todo
1,PERS_a84aedaa,С. Х. Шомахмадов,С. Х. Шомахмадов,6,Many talks and no external ID; Initials-only display name; Missing preferred Latin name,С. Х. Шомахмадов индолог,https://elibrary.ru/authors.asp?fams=%D0%A8%D0%BE%D0%BC%D0%B0%D1%85%D0%BC%D0%B0%D0%B4%D0%BE%D0%B2&imas=%D0%A1&otchs=%D0%A5,,todo
1,PERS_f8ab5755,Т. И. Оранская,Т. И. Оранская,6,Many talks and no external ID; Initials-only display name; Missing preferred Latin name,Т. И. Оранская индолог,https://elibrary.ru/authors.asp?fams=%D0%9E%D1%80%D0%B0%D0%BD%D1%81%D0%BA%D0%B0%D1%8F&imas=%D0%A2&otchs=%D0%98,,todo
1,PERS_f5b8b340,А. А. Вигасин,Вигасин Алексей Алексеевич,5,Many talks and no external ID; Initials-only display name,Вигасин Алексей Алексеевич индолог,https://elibrary.ru/authors.asp?fams=%D0%92%D0%B8%D0%B3%D0%B0%D1%81%D0%B8%D0%BD&imas=%D0%90%D0%BB%D0%B5%D0%BA%D1%81%D0%B5%D0%B9&otchs=%D0%90%D0%BB%D0%B5%D0%BA%D1%81%D0%B5%D0%B5%D0%B2%D0%B8%D1%87,https://openalex.org/authors?search=Alexey%20Vigasin,todo
1,PERS_91b473b1,А. В. Челнокова,Челнокова Анна Витальевна,5,Many talks and no external ID; Initials-only display name; Missing preferred Latin name,Челнокова Анна Витальевна индолог,https://elibrary.ru/authors.asp?fams=%D0%A7%D0%B5%D0%BB%D0%BD%D0%BE%D0%BA%D0%BE%D0%B2%D0%B0&imas=%D0%90%D0%BD%D0%BD%D0%B0&otchs=%D0%92%D0%B8%D1%82%D0%B0%D0%BB%D1%8C%D0%B5%D0%B2%D0%BD%D0%B0,,todo
1,PERS_0665f215,В. К. Шохин,Шохин Владимир Кириллович,5,Many talks and no external ID; Initials-only display name,Шохин Владимир Кириллович индолог,https://elibrary.ru/authors.asp?fams=%D0%A8%D0%BE%D1%85%D0%B8%D0%BD&imas=%D0%92%D0%BB%D0%B0%D0%B4%D0%B8%D0%BC%D0%B8%D1%80&otchs=%D0%9A%D0%B8%D1%80%D0%B8%D0%BB%D0%BB%D0%BE%D0%B2%D0%B8%D1%87,https://openalex.org/authors?search=Vladimir%20Shokhin,todo
1,PERS_93e2effb,Д. А. Комиссаров,Комиссаров Дмитрий Андреевич,5,Many talks and no external ID; Initials-only display name,Комиссаров Дмитрий Андреевич индолог,https://elibrary.ru/authors.asp?fams=%D0%9A%D0%BE%D0%BC%D0%B8%D1%81%D1%81%D0%B0%D1%80%D0%BE%D0%B2&imas=%D0%94%D0%BC%D0%B8%D1%82%D1%80%D0%B8%D0%B9&otchs=%D0%90%D0%BD%D0%B4%D1%80%D0%B5%D0%B5%D0%B2%D0%B8%D1%87,https://openalex.org/authors?search=Dmitry%20Komissarov,todo
1,PERS_c6bbcef3,Е. А. Битинайте,Е. А. Битинайте,5,Many talks and no external ID; Initials-only display name; Missing preferred Latin name,Е. А. Битинайте индолог,https://elibrary.ru/authors.asp?fams=%D0%91%D0%B8%D1%82%D0%B8%D0%BD%D0%B0%D0%B9%D1%82%D0%B5&imas=%D0%95&otchs=%D0%90,,todo
1,PERS_22d87263,Е. А. Костина,Е. А. Костина,5,Many talks and no external ID; Initials-only display name; Missing preferred Latin name,Е. А. Костина индолог,https://elibrary.ru/authors.asp?fams=%D0%9A%D0%BE%D1%81%D1%82%D0%B8%D0%BD%D0%B0&imas=%D0%95&otchs=%D0%90,,todo
1,PERS_58b39545,Е. А. Ренковская,Е. А. Ренковская,5,Many talks and no external ID; Initials-only display name,Е. А. Ренковская индолог,https://elibrary.ru/authors.asp?fams=%D0%A0%D0%B5%D0%BD%D0%BA%D0%BE%D0%B2%D1%81%D0%BA%D0%B0%D1%8F&imas=%D0%95&otchs=%D0%90,https://openalex.org/authors?search=Evgenia%20Renkovskaya,todo
1,PERS_dd7de77e,Е. К. Бросалина,Е. К. Бросалина,5,Many talks and no external ID; Initials-only display name; Missing preferred Latin name,Е. К. Бросалина индолог,https://elibrary.ru/authors.asp?fams=%D0%91%D1%80%D0%BE%D1%81%D0%B0%D0%BB%D0%B8%D0%BD%D0%B0&imas=%D0%95&otchs=%D0%9A,,todo
1,PERS_92f293f8,П. В. Хрущева,П. В. Хрущева,5,Many talks and no external ID; Initials-only display name; Missing preferred Latin name,П. В. Хрущева индолог,https://elibrary.ru/authors.asp?fams=%D0%A5%D1%80%D1%83%D1%89%D0%B5%D0%B2%D0%B0&imas=%D0%9F&otchs=%D0%92,,todo
1,PERS_0c451d76,С. В. Лобанов,Лобанов Сергей Владимирович,5,Many talks and no external ID; Initials-only display name; Missing preferred Latin name,Лобанов Сергей Владимирович индолог,https://elibrary.ru/authors.asp?fams=%D0%9B%D0%BE%D0%B1%D0%B0%D0%BD%D0%BE%D0%B2&imas=%D0%A1%D0%B5%D1%80%D0%B3%D0%B5%D0%B9&otchs=%D0%92%D0%BB%D0%B0%D0%B4%D0%B8%D0%BC%D0%B8%D1%80%D0%BE%D0%B2%D0%B8%D1%87,,todo
1,PERS_7eb0dc30,Т. А. Зимина,Т. А. Зимина,5,Many talks and no external ID; Initials-only display name; Missing preferred Latin name,Т. А. Зимина индолог,https://elibrary.ru/authors.asp?fams=%D0%97%D0%B8%D0%BC%D0%B8%D0%BD%D0%B0&imas=%D0%A2&otchs=%D0%90,,todo
2,PERS_8516d1e4,М. Ю. Гасунс,М. Ю. Гасунс,6,Initials-only display name,М. Ю. Гасунс индолог,https://elibrary.ru/authors.asp?fams=%D0%93%D0%B0%D1%81%D1%83%D0%BD%D1%81&imas=%D0%9C&otchs=%D0%AE,https://openalex.org/authors?search=Marcis%20Gasuns,todo
2,PERS_6e211759,В. П. Иванов,Иванов Владимир Павлович,4,Active scholar and no external ID; Initials-only display name; Missing preferred Latin name,Иванов Владимир Павлович индолог,https://elibrary.ru/authors.asp?fams=%D0%98%D0%B2%D0%B0%D0%BD%D0%BE%D0%B2&imas=%D0%92%D0%BB%D0%B0%D0%B4%D0%B8%D0%BC%D0%B8%D1%80&otchs=%D0%9F%D0%B0%D0%B2%D0%BB%D0%BE%D0%B2%D0%B8%D1%87,,todo
2,PERS_554c138a,Г. Г. Хмуркин,Г. Г. Хмуркин,4,Active scholar and no external ID; Initials-only display name; Missing preferred Latin name,Г. Г. Хмуркин индолог,https://elibrary.ru/authors.asp?fams=%D0%A5%D0%BC%D1%83%D1%80%D0%BA%D0%B8%D0%BD&imas=%D0%93&otchs=%D0%93,,todo
2,PERS_45a76880,Д. А. Кораблин,Д. А. Кораблин,4,Active scholar and no external ID; Initials-only display name; Missing preferred Latin name,Д. А. Кораблин индолог,https://elibrary.ru/authors.asp?fams=%D0%9A%D0%BE%D1%80%D0%B0%D0%B1%D0%BB%D0%B8%D0%BD&imas=%D0%94&otchs=%D0%90,,todo
2,PERS_2a2e5602,Е. В. Коровина,Е. В. Коровина,4,Active scholar and no external ID; Initials-only display name; Missing preferred Latin name,Е. В. Коровина индолог,https://elibrary.ru/authors.asp?fams=%D0%9A%D0%BE%D1%80%D0%BE%D0%B2%D0%B8%D0%BD%D0%B0&imas=%D0%95&otchs=%D0%92,,todo
2,PERS_5e2a5a5c,Е. В. Столярова,Е. В. Столярова,4,Active scholar and no external ID; Initials-only display name; Missing preferred Latin name,Е. В. Столярова индолог,https://elibrary.ru/authors.asp?fams=%D0%A1%D1%82%D0%BE%D0%BB%D1%8F%D1%80%D0%BE%D0%B2%D0%B0&imas=%D0%95&otchs=%D0%92,,todo
2,PERS_db0a826b,И. Н. Комарова,И. Н. Комарова,4,Active scholar and no external ID; Initials-only display name; Missing preferred Latin name,И. Н. Комарова индолог,https://elibrary.ru/authors.asp?fams=%D0%9A%D0%BE%D0%BC%D0%B0%D1%80%D0%BE%D0%B2%D0%B0&imas=%D0%98&otchs=%D0%9D,,todo
2,PERS_7f908d49,Л. А. Стрельцова,Л. А. Стрельцова,4,Active scholar and no external ID; Initials-only display name; Missing preferred Latin name,Л. А. Стрельцова индолог,https://elibrary.ru/authors.asp?fams=%D0%A1%D1%82%D1%80%D0%B5%D0%BB%D1%8C%D1%86%D0%BE%D0%B2%D0%B0&imas=%D0%9B&otchs=%D0%90,,todo
2,PERS_3c7d41ac,М. С. Фомин,М. С. Фомин,4,Active scholar and no external ID; Initials-only display name; Missing preferred Latin name,М. С. Фомин индолог,https://elibrary.ru/authors.asp?fams=%D0%A4%D0%BE%D0%BC%D0%B8%D0%BD&imas=%D0%9C&otchs=%D0%A1,,todo
2,PERS_8108c314,О. Н. Ерченков,О. Н. Ерченков,4,Active scholar and no external ID; Initials-only display name; Missing preferred Latin name,О. Н. Ерченков индолог,https://elibrary.ru/authors.asp?fams=%D0%95%D1%80%D1%87%D0%B5%D0%BD%D0%BA%D0%BE%D0%B2&imas=%D0%9E&otchs=%D0%9D,,todo
2,PERS_3c202afd,Р. Н. Крапивина,Крапивина Рада Нельсовна,4,Active scholar and no external ID; Initials-only display name,Крапивина Рада Нельсовна индолог,https://elibrary.ru/authors.asp?fams=%D0%9A%D1%80%D0%B0%D0%BF%D0%B8%D0%B2%D0%B8%D0%BD%D0%B0&imas=%D0%A0%D0%B0%D0%B4%D0%B0&otchs=%D0%9D%D0%B5%D0%BB%D1%8C%D1%81%D0%BE%D0%B2%D0%BD%D0%B0,https://openalex.org/authors?search=Rada%20Krapivina,todo
2,PERS_088c4df7,Ю. Г. Атманова,Ю. Г. Атманова,4,Active scholar and no external ID; Initials-only display name; Missing preferred Latin name,Ю. Г. Атманова индолог,https://elibrary.ru/authors.asp?fams=%D0%90%D1%82%D0%BC%D0%B0%D0%BD%D0%BE%D0%B2%D0%B0&imas=%D0%AE&otchs=%D0%93,,todo
2,PERS_06ee047f,Ю. И. Елихина,Ю. И. Елихина,4,Active scholar and no external ID; Initials-only display name; Missing preferred Latin name,Ю. И. Елихина индолог,https://elibrary.ru/authors.asp?fams=%D0%95%D0%BB%D0%B8%D1%85%D0%B8%D0%BD%D0%B0&imas=%D0%AE&otchs=%D0%98,,todo
2,PERS_ced3d7b4,А. В. Молина,Молина Анна Валерьевна,3,Active scholar and no external ID; Initials-only display name; Missing preferred Latin name,Молина Анна Валерьевна индолог,https://elibrary.ru/authors.asp?fams=%D0%9C%D0%BE%D0%BB%D0%B8%D0%BD%D0%B0&imas=%D0%90%D0%BD%D0%BD%D0%B0&otchs=%D0%92%D0%B0%D0%BB%D0%B5%D1%80%D1%8C%D0%B5%D0%B2%D0%BD%D0%B0,,todo
2,PERS_aebd34a2,А. И. Коган,А. И. Коган,3,Active scholar and no external ID; Initials-only display name; Missing preferred Latin name,А. И. Коган индолог,https://elibrary.ru/authors.asp?fams=%D0%9A%D0%BE%D0%B3%D0%B0%D0%BD&imas=%D0%90&otchs=%D0%98,,todo
2,PERS_40375fef,А. К. Васильев,А. К. Васильев,3,Active scholar and no external ID; Initials-only display name; Missing preferred Latin name,А. К. Васильев индолог,https://elibrary.ru/authors.asp?fams=%D0%92%D0%B0%D1%81%D0%B8%D0%BB%D1%8C%D0%B5%D0%B2&imas=%D0%90&otchs=%D0%9A,,todo
2,PERS_69750b7c,В. Н. Мазурина,В. Н. Мазурина,3,Active scholar and no external ID; Initials-only display name; Missing preferred Latin name,В. Н. Мазурина индолог,https://elibrary.ru/authors.asp?fams=%D0%9C%D0%B0%D0%B7%D1%83%D1%80%D0%B8%D0%BD%D0%B0&imas=%D0%92&otchs=%D0%9D,,todo
2,PERS_bcaec2d8,В. Ю. Дружинин,В. Ю. Дружинин,3,Active scholar and no external ID; Initials-only display name; Missing preferred Latin name,В. Ю. Дружинин индолог,https://elibrary.ru/authors.asp?fams=%D0%94%D1%80%D1%83%D0%B6%D0%B8%D0%BD%D0%B8%D0%BD&imas=%D0%92&otchs=%D0%AE,,todo
2,PERS_d218805b,В. Ю. Крюкова,В. Ю. Крюкова,3,Active scholar and no external ID; Initials-only display name; Missing preferred Latin name,В. Ю. Крюкова индолог,https://elibrary.ru/authors.asp?fams=%D0%9A%D1%80%D1%8E%D0%BA%D0%BE%D0%B2%D0%B0&imas=%D0%92&otchs=%D0%AE,,todo
2,PERS_f940c5b3,Г. В. Стрелкова,Г. В. Стрелкова,3,Active scholar and no external ID; Initials-only display name; Missing preferred Latin name,Г. В. Стрелкова индолог,https://elibrary.ru/authors.asp?fams=%D0%A1%D1%82%D1%80%D0%B5%D0%BB%D0%BA%D0%BE%D0%B2%D0%B0&imas=%D0%93&otchs=%D0%92,,todo
2,PERS_3d3b302d,Д. В. Соболева,Соболева Диана Владимировна,3,Active scholar and no external ID; Initials-only display name; Missing preferred Latin name,Соболева Диана Владимировна индолог,https://elibrary.ru/authors.asp?fams=%D0%A1%D0%BE%D0%B1%D0%BE%D0%BB%D0%B5%D0%B2%D0%B0&imas=%D0%94%D0%B8%D0%B0%D0%BD%D0%B0&otchs=%D0%92%D0%BB%D0%B0%D0%B4%D0%B8%D0%BC%D0%B8%D1%80%D0%BE%D0%B2%D0%BD%D0%B0,,todo
2,PERS_b2c121e9,Е. Н. Успенская,Е. Н. Успенская,3,Active scholar and no external ID; Initials-only display name; Missing preferred Latin name,Е. Н. Успенская индолог,https://elibrary.ru/authors.asp?fams=%D0%A3%D1%81%D0%BF%D0%B5%D0%BD%D1%81%D0%BA%D0%B0%D1%8F&imas=%D0%95&otchs=%D0%9D,,todo
2,PERS_6441d568,Е. С. Соболева,Е. С. Соболева,3,Active scholar and no external ID; Initials-only display name; Missing preferred Latin name,Е. С. Соболева индолог,https://elibrary.ru/authors.asp?fams=%D0%A1%D0%BE%D0%B1%D0%BE%D0%BB%D0%B5%D0%B2%D0%B0&imas=%D0%95&otchs=%D0%A1,,todo
2,PERS_cb52ebc2,К. В. Лемешкина,Лемешкина Ксения Вячеславовна,3,Active scholar and no external ID; Initials-only display name; Missing preferred Latin name,Лемешкина Ксения Вячеславовна индолог,https://elibrary.ru/authors.asp?fams=%D0%9B%D0%B5%D0%BC%D0%B5%D1%88%D0%BA%D0%B8%D0%BD%D0%B0&imas=%D0%9A%D1%81%D0%B5%D0%BD%D0%B8%D1%8F&otchs=%D0%92%D1%8F%D1%87%D0%B5%D1%81%D0%BB%D0%B0%D0%B2%D0%BE%D0%B2%D0%BD%D0%B0,,todo
2,PERS_0fd718a7,К. М. Воздиган,К. М. Воздиган,3,Active scholar and no external ID; Initials-only display name; Missing preferred Latin name,К. М. Воздиган индолог,https://elibrary.ru/authors.asp?fams=%D0%92%D0%BE%D0%B7%D0%B4%D0%B8%D0%B3%D0%B0%D0%BD&imas=%D0%9A&otchs=%D0%9C,,todo
2,PERS_f56c5a7e,Л. Е. Жукова,Л. Е. Жукова,3,Active scholar and no external ID; Initials-only display name; Missing preferred Latin name,Л. Е. Жукова индолог,https://elibrary.ru/authors.asp?fams=%D0%96%D1%83%D0%BA%D0%BE%D0%B2%D0%B0&imas=%D0%9B&otchs=%D0%95,,todo
2,PERS_4fff9d16,М. Д. Минаева,Минаева Мария Дмитриевна,3,Active scholar and no external ID; Initials-only display name; Missing preferred Latin name,Минаева Мария Дмитриевна индолог,https://elibrary.ru/authors.asp?fams=%D0%9C%D0%B8%D0%BD%D0%B0%D0%B5%D0%B2%D0%B0&imas=%D0%9C%D0%B0%D1%80%D0%B8%D1%8F&otchs=%D0%94%D0%BC%D0%B8%D1%82%D1%80%D0%B8%D0%B5%D0%B2%D0%BD%D0%B0,,todo
2,PERS_b881461b,М. Н. Яковлева,Яковлева Мария Николаевна,3,Active scholar and no external ID; Initials-only display name; Missing preferred Latin name,Яковлева Мария Николаевна индолог,https://elibrary.ru/authors.asp?fams=%D0%AF%D0%BA%D0%BE%D0%B2%D0%BB%D0%B5%D0%B2%D0%B0&imas=%D0%9C%D0%B0%D1%80%D0%B8%D1%8F&otchs=%D0%9D%D0%B8%D0%BA%D0%BE%D0%BB%D0%B0%D0%B5%D0%B2%D0%BD%D0%B0,,todo
2,PERS_01aafd44,Н. А. Сафина,Н. А. Сафина,3,Active scholar and no external ID; Initials-only display name; Missing preferred Latin name,Н. А. Сафина индолог,https://elibrary.ru/authors.asp?fams=%D0%A1%D0%B0%D1%84%D0%B8%D0%BD%D0%B0&imas=%D0%9D&otchs=%D0%90,,todo
2,PERS_8df3730a,С. С. Донченко,С. С. Донченко,3,Active scholar and no external ID; Initials-only display name; Missing preferred Latin name,С. С. Донченко индолог,https://elibrary.ru/authors.asp?fams=%D0%94%D0%BE%D0%BD%D1%87%D0%B5%D0%BD%D0%BA%D0%BE&imas=%D0%A1&otchs=%D0%A1,,todo
2,PERS_28317057,Т. А. Дубянская,Т. А. Дубянская,3,Active scholar and no external ID; Initials-only display name; Missing preferred Latin name,Т. А. Дубянская индолог,https://elibrary.ru/authors.asp?fams=%D0%94%D1%83%D0%B1%D1%8F%D0%BD%D1%81%D0%BA%D0%B0%D1%8F&imas=%D0%A2&otchs=%D0%90,,todo
2,PERS_ba81468a,Ю. Г. Кокова,Ю. Г. Кокова,3,Active scholar and no external ID; Initials-only display name; Missing preferred Latin name,Ю. Г. Кокова индолог,https://elibrary.ru/authors.asp?fams=%D0%9A%D0%BE%D0%BA%D0%BE%D0%B2%D0%B0&imas=%D0%AE&otchs=%D0%93,,todo
2,PERS_cdbd7a15,C. В. Кулланда,Кулланда Сергей Всеволодович,2,Active scholar and no external ID; Initials-only display name,Кулланда Сергей Всеволодович индолог,https://elibrary.ru/authors.asp?fams=%D0%9A%D1%83%D0%BB%D0%BB%D0%B0%D0%BD%D0%B4%D0%B0&imas=%D0%A1%D0%B5%D1%80%D0%B3%D0%B5%D0%B9&otchs=%D0%92%D1%81%D0%B5%D0%B2%D0%BE%D0%BB%D0%BE%D0%B4%D0%BE%D0%B2%D0%B8%D1%87,https://openalex.org/authors?search=Sergey%20Kullanda,todo
2,PERS_3074a8e5,А. А. Терентьев,А. А. Терентьев,2,Active scholar and no external ID; Initials-only display name; Missing preferred Latin name,А. А. Терентьев индолог,https://elibrary.ru/authors.asp?fams=%D0%A2%D0%B5%D1%80%D0%B5%D0%BD%D1%82%D1%8C%D0%B5%D0%B2&imas=%D0%90&otchs=%D0%90,,todo
2,PERS_6ae5c779,А. В. Фивейская,Фивейская Анастасия Васильевна,2,Active scholar and no external ID; Initials-only display name,Фивейская Анастасия Васильевна индолог,https://elibrary.ru/authors.asp?fams=%D0%A4%D0%B8%D0%B2%D0%B5%D0%B9%D1%81%D0%BA%D0%B0%D1%8F&imas=%D0%90%D0%BD%D0%B0%D1%81%D1%82%D0%B0%D1%81%D0%B8%D1%8F&otchs=%D0%92%D0%B0%D1%81%D0%B8%D0%BB%D1%8C%D0%B5%D0%B2%D0%BD%D0%B0,https://openalex.org/authors?search=Anastasia%20Fiveyskaya,todo
2,PERS_5f6fa17b,А. М. Пахомова,Пахомова Александра Михайловна,2,Active scholar and no external ID; Initials-only display name; Missing preferred Latin name,Пахомова Александра Михайловна индолог,https://elibrary.ru/authors.asp?fams=%D0%9F%D0%B0%D1%85%D0%BE%D0%BC%D0%BE%D0%B2%D0%B0&imas=%D0%90%D0%BB%D0%B5%D0%BA%D1%81%D0%B0%D0%BD%D0%B4%D1%80%D0%B0&otchs=%D0%9C%D0%B8%D1%85%D0%B0%D0%B9%D0%BB%D0%BE%D0%B2%D0%BD%D0%B0,,todo
2,PERS_b62a9567,А. Ю. Курочкин,Курочкин Александр Юрьевич,2,Active scholar and no external ID; Initials-only display name; Missing preferred Latin name,Курочкин Александр Юрьевич индолог,https://elibrary.ru/authors.asp?fams=%D0%9A%D1%83%D1%80%D0%BE%D1%87%D0%BA%D0%B8%D0%BD&imas=%D0%90%D0%BB%D0%B5%D0%BA%D1%81%D0%B0%D0%BD%D0%B4%D1%80&otchs=%D0%AE%D1%80%D1%8C%D0%B5%D0%B2%D0%B8%D1%87,,todo
2,PERS_b76851a7,Б. Л. Митруев,Митруев Бембя Леонидович,2,Active scholar and no external ID; Initials-only display name; Missing preferred Latin name,Митруев Бембя Леонидович индолог,https://elibrary.ru/authors.asp?fams=%D0%9C%D0%B8%D1%82%D1%80%D1%83%D0%B5%D0%B2&imas=%D0%91%D0%B5%D0%BC%D0%B1%D1%8F&otchs=%D0%9B%D0%B5%D0%BE%D0%BD%D0%B8%D0%B4%D0%BE%D0%B2%D0%B8%D1%87,,todo
2,PERS_0a2e5f24,В. В. Тишин,Тишин Владимир Владимирович,2,Active scholar and no external ID; Initials-only display name; Missing preferred Latin name,Тишин Владимир Владимирович индолог,https://elibrary.ru/authors.asp?fams=%D0%A2%D0%B8%D1%88%D0%B8%D0%BD&imas=%D0%92%D0%BB%D0%B0%D0%B4%D0%B8%D0%BC%D0%B8%D1%80&otchs=%D0%92%D0%BB%D0%B0%D0%B4%D0%B8%D0%BC%D0%B8%D1%80%D0%BE%D0%B2%D0%B8%D1%87,,todo
2,PERS_cca8f93d,В. М. Немчинов,Немчинов Виктор Михайлович,2,Active scholar and no external ID; Initials-only display name; Missing preferred Latin name,Немчинов Виктор Михайлович индолог,https://elibrary.ru/authors.asp?fams=%D0%9D%D0%B5%D0%BC%D1%87%D0%B8%D0%BD%D0%BE%D0%B2&imas=%D0%92%D0%B8%D0%BA%D1%82%D0%BE%D1%80&otchs=%D0%9C%D0%B8%D1%85%D0%B0%D0%B9%D0%BB%D0%BE%D0%B2%D0%B8%D1%87,,todo
2,PERS_37d557c2,Д. Д. Анисимова,Д. Д. Анисимова,2,Active scholar and no external ID; Initials-only display name; Missing preferred Latin name,Д. Д. Анисимова индолог,https://elibrary.ru/authors.asp?fams=%D0%90%D0%BD%D0%B8%D1%81%D0%B8%D0%BC%D0%BE%D0%B2%D0%B0&imas=%D0%94&otchs=%D0%94,,todo
2,PERS_9e9c9566,Е. П. Лекарева,Е. П. Лекарева,2,Active scholar and no external ID; Initials-only display name; Missing preferred Latin name,Е. П. Лекарева индолог,https://elibrary.ru/authors.asp?fams=%D0%9B%D0%B5%D0%BA%D0%B0%D1%80%D0%B5%D0%B2%D0%B0&imas=%D0%95&otchs=%D0%9F,,todo
2,PERS_310b2911,И. Е. Толчельников,И. Е. Толчельников,2,Active scholar and no external ID; Initials-only display name; Missing preferred Latin name,И. Е. Толчельников индолог,https://elibrary.ru/authors.asp?fams=%D0%A2%D0%BE%D0%BB%D1%87%D0%B5%D0%BB%D1%8C%D0%BD%D0%B8%D0%BA%D0%BE%D0%B2&imas=%D0%98&otchs=%D0%95,,todo
2,PERS_7da0afff,К. А. Демичев,Демичев Кирилл Андреевич,2,Active scholar and no external ID; Initials-only display name; Missing preferred Latin name,Демичев Кирилл Андреевич индолог,https://elibrary.ru/authors.asp?fams=%D0%94%D0%B5%D0%BC%D0%B8%D1%87%D0%B5%D0%B2&imas=%D0%9A%D0%B8%D1%80%D0%B8%D0%BB%D0%BB&otchs=%D0%90%D0%BD%D0%B4%D1%80%D0%B5%D0%B5%D0%B2%D0%B8%D1%87,,todo
2,PERS_50c46233,К. А. Маретина,Маретина Ксения Александровна,2,Active scholar and no external ID; Initials-only display name; Missing preferred Latin name,Маретина Ксения Александровна индолог,https://elibrary.ru/authors.asp?fams=%D0%9C%D0%B0%D1%80%D0%B5%D1%82%D0%B8%D0%BD%D0%B0&imas=%D0%9A%D1%81%D0%B5%D0%BD%D0%B8%D1%8F&otchs=%D0%90%D0%BB%D0%B5%D0%BA%D1%81%D0%B0%D0%BD%D0%B4%D1%80%D0%BE%D0%B2%D0%BD%D0%B0,,todo
2,PERS_35c57654,М. А. Егорова,М. А. Егорова,2,Active scholar and no external ID; Initials-only display name; Missing preferred Latin name,М. А. Егорова индолог,https://elibrary.ru/authors.asp?fams=%D0%95%D0%B3%D0%BE%D1%80%D0%BE%D0%B2%D0%B0&imas=%D0%9C&otchs=%D0%90,,todo
2,PERS_52d3f72c,М. Б. Мейтарчиян,Мейтарчиян Маргарита Борисовна,2,Active scholar and no external ID; Initials-only display name; Missing preferred Latin name,Мейтарчиян Маргарита Борисовна индолог,https://elibrary.ru/authors.asp?fams=%D0%9C%D0%B5%D0%B9%D1%82%D0%B0%D1%80%D1%87%D0%B8%D1%8F%D0%BD&imas=%D0%9C%D0%B0%D1%80%D0%B3%D0%B0%D1%80%D0%B8%D1%82%D0%B0&otchs=%D0%91%D0%BE%D1%80%D0%B8%D1%81%D0%BE%D0%B2%D0%BD%D0%B0,,todo
2,PERS_587b08ec,М. В. Леонов,Леонов Михаил Васильевич,2,Active scholar and no external ID; Initials-only display name; Missing preferred Latin name,Леонов Михаил Васильевич индолог,https://elibrary.ru/authors.asp?fams=%D0%9B%D0%B5%D0%BE%D0%BD%D0%BE%D0%B2&imas=%D0%9C%D0%B8%D1%85%D0%B0%D0%B8%D0%BB&otchs=%D0%92%D0%B0%D1%81%D0%B8%D0%BB%D1%8C%D0%B5%D0%B2%D0%B8%D1%87,,todo
2,PERS_2c40b9b1,Н. В. Гуров,Гуров Никита Владимирович,2,Active scholar and no external ID; Initials-only display name; Missing preferred Latin name,Гуров Никита Владимирович индолог,https://elibrary.ru/authors.asp?fams=%D0%93%D1%83%D1%80%D0%BE%D0%B2&imas=%D0%9D%D0%B8%D0%BA%D0%B8%D1%82%D0%B0&otchs=%D0%92%D0%BB%D0%B0%D0%B4%D0%B8%D0%BC%D0%B8%D1%80%D0%BE%D0%B2%D0%B8%D1%87,,todo
2,PERS_8df81b6d,П. А. Лужинская,П. А. Лужинская,2,Active scholar and no external ID; Initials-only display name; Missing preferred Latin name,П. А. Лужинская индолог,https://elibrary.ru/authors.asp?fams=%D0%9B%D1%83%D0%B6%D0%B8%D0%BD%D1%81%D0%BA%D0%B0%D1%8F&imas=%D0%9F&otchs=%D0%90,,todo
2,PERS_18fcab2a,Р. Т. Блиндерман,Р. Т. Блиндерман,2,Active scholar and no external ID; Initials-only display name; Missing preferred Latin name,Р. Т. Блиндерман индолог,https://elibrary.ru/authors.asp?fams=%D0%91%D0%BB%D0%B8%D0%BD%D0%B4%D0%B5%D1%80%D0%BC%D0%B0%D0%BD&imas=%D0%A0&otchs=%D0%A2,,todo
2,PERS_e5a5ac24,С. Л. Невелева,Невелева Светлана Леонидовна,2,Active scholar and no external ID; Initials-only display name; Missing preferred Latin name,Невелева Светлана Леонидовна индолог,https://elibrary.ru/authors.asp?fams=%D0%9D%D0%B5%D0%B2%D0%B5%D0%BB%D0%B5%D0%B2%D0%B0&imas=%D0%A1%D0%B2%D0%B5%D1%82%D0%BB%D0%B0%D0%BD%D0%B0&otchs=%D0%9B%D0%B5%D0%BE%D0%BD%D0%B8%D0%B4%D0%BE%D0%B2%D0%BD%D0%B0,,todo
2,PERS_d4c2cc5e,Т. В. Лучина,Т. В. Лучина,2,Active scholar and no external ID; Initials-only display name; Missing preferred Latin name,Т. В. Лучина индолог,https://elibrary.ru/authors.asp?fams=%D0%9B%D1%83%D1%87%D0%B8%D0%BD%D0%B0&imas=%D0%A2&otchs=%D0%92,,todo
2,PERS_bf91d4b8,Ю. А. Уймина,Уймина Юлия Александровна,2,Active scholar and no external ID; Initials-only display name; Missing preferred Latin name,Уймина Юлия Александровна индолог,https://elibrary.ru/authors.asp?fams=%D0%A3%D0%B9%D0%BC%D0%B8%D0%BD%D0%B0&imas=%D0%AE%D0%BB%D0%B8%D1%8F&otchs=%D0%90%D0%BB%D0%B5%D0%BA%D1%81%D0%B0%D0%BD%D0%B4%D1%80%D0%BE%D0%B2%D0%BD%D0%B0,,todo
2,PERS_c31236d2,Ю. Е. Березкин,Березкин Юрий Евгеньевич,2,Active scholar and no external ID; Initials-only display name; Missing preferred Latin name,Березкин Юрий Евгеньевич индолог,https://elibrary.ru/authors.asp?fams=%D0%91%D0%B5%D1%80%D0%B5%D0%B7%D0%BA%D0%B8%D0%BD&imas=%D0%AE%D1%80%D0%B8%D0%B9&otchs=%D0%95%D0%B2%D0%B3%D0%B5%D0%BD%D1%8C%D0%B5%D0%B2%D0%B8%D1%87,,todo
2,PERS_26c3214a,C. Lindtner,C. Lindtner,1,Active scholar and no external ID; Initials-only display name; Missing preferred Latin name,C. Lindtner индолог,https://elibrary.ru/authors.asp?fams=Lindtner&imas=C,,todo
2,PERS_cb967ae4,Harjender Singh Chaudhary,Harjender Singh Chaudhary,1,Active scholar and no external ID; Missing preferred Latin name,Harjender Singh Chaudhary индолог,https://elibrary.ru/authors.asp?fams=Harjender&imas=Singh&otchs=Chaudhary,,todo
2,PERS_856eb5c6,V. Shukla,V. Shukla,1,Active scholar and no external ID; Initials-only display name; Missing preferred Latin name,V. Shukla индолог,https://elibrary.ru/authors.asp?fams=Shukla&imas=V,,todo
2,PERS_51e0a171,А. А. Алешина,Алешина Ирина Евгеньевна,1,Active scholar and no external ID; Initials-only display name; Missing preferred Latin name,Алешина Ирина Евгеньевна индолог,https://elibrary.ru/authors.asp?fams=%D0%90%D0%BB%D0%B5%D1%88%D0%B8%D0%BD%D0%B0&imas=%D0%98%D1%80%D0%B8%D0%BD%D0%B0&otchs=%D0%95%D0%B2%D0%B3%D0%B5%D0%BD%D1%8C%D0%B5%D0%B2%D0%BD%D0%B0,,todo
2,PERS_467d4dbb,А. А. Клебанов,Клебанов Андрей Александрович,1,Active scholar and no external ID; Initials-only display name; Missing preferred Latin name,Клебанов Андрей Александрович индолог,https://elibrary.ru/authors.asp?fams=%D0%9A%D0%BB%D0%B5%D0%B1%D0%B0%D0%BD%D0%BE%D0%B2&imas=%D0%90%D0%BD%D0%B4%D1%80%D0%B5%D0%B9&otchs=%D0%90%D0%BB%D0%B5%D0%BA%D1%81%D0%B0%D0%BD%D0%B4%D1%80%D0%BE%D0%B2%D0%B8%D1%87,,todo
2,PERS_180c5e5c,А. В. Арапов,А. В. Арапов,1,Active scholar and no external ID; Initials-only display name; Missing preferred Latin name,А. В. Арапов индолог,https://elibrary.ru/authors.asp?fams=%D0%90%D1%80%D0%B0%D0%BF%D0%BE%D0%B2&imas=%D0%90&otchs=%D0%92,,todo
2,PERS_2011b78d,А. В. Бондарев,А. В. Бондарев,1,Active scholar and no external ID; Initials-only display name; Missing preferred Latin name,А. В. Бондарев индолог,https://elibrary.ru/authors.asp?fams=%D0%91%D0%BE%D0%BD%D0%B4%D0%B0%D1%80%D0%B5%D0%B2&imas=%D0%90&otchs=%D0%92,,todo
2,PERS_b5dd77b1,А. В. Мрачковская,А. В. Мрачковская,1,Active scholar and no external ID; Initials-only display name; Missing preferred Latin name,А. В. Мрачковская индолог,https://elibrary.ru/authors.asp?fams=%D0%9C%D1%80%D0%B0%D1%87%D0%BA%D0%BE%D0%B2%D1%81%D0%BA%D0%B0%D1%8F&imas=%D0%90&otchs=%D0%92,,todo
2,PERS_874cbfb7,А. В. Шарапова,Шарапова Александра Владимировна,1,Active scholar and no external ID; Initials-only display name; Missing preferred Latin name,Шарапова Александра Владимировна индолог,https://elibrary.ru/authors.asp?fams=%D0%A8%D0%B0%D1%80%D0%B0%D0%BF%D0%BE%D0%B2%D0%B0&imas=%D0%90%D0%BB%D0%B5%D0%BA%D1%81%D0%B0%D0%BD%D0%B4%D1%80%D0%B0&otchs=%D0%92%D0%BB%D0%B0%D0%B4%D0%B8%D0%BC%D0%B8%D1%80%D0%BE%D0%B2%D0%BD%D0%B0,,todo
2,PERS_51524b11,А. Г. Гладкова,Гладкова Анна Геннадьевна,1,Active scholar and no external ID; Initials-only display name; Missing preferred Latin name,Гладкова Анна Геннадьевна индолог,https://elibrary.ru/authors.asp?fams=%D0%93%D0%BB%D0%B0%D0%B4%D0%BA%D0%BE%D0%B2%D0%B0&imas=%D0%90%D0%BD%D0%BD%D0%B0&otchs=%D0%93%D0%B5%D0%BD%D0%BD%D0%B0%D0%B4%D1%8C%D0%B5%D0%B2%D0%BD%D0%B0,,todo
2,PERS_f619aeed,А. Д. Цендина,А. Д. Цендина,1,Active scholar and no external ID; Initials-only display name; Missing preferred Latin name,А. Д. Цендина индолог,https://elibrary.ru/authors.asp?fams=%D0%A6%D0%B5%D0%BD%D0%B4%D0%B8%D0%BD%D0%B0&imas=%D0%90&otchs=%D0%94,,todo
2,PERS_3d22e8d4,А. М. Стрелков,А. М. Стрелков,1,Active scholar and no external ID; Initials-only display name; Missing preferred Latin name,А. М. Стрелков индолог,https://elibrary.ru/authors.asp?fams=%D0%A1%D1%82%D1%80%D0%B5%D0%BB%D0%BA%D0%BE%D0%B2&imas=%D0%90&otchs=%D0%9C,,todo
2,PERS_c2ffc606,А. О. Драчук,А. О. Драчук,1,Active scholar and no external ID; Initials-only display name; Missing preferred Latin name,А. О. Драчук индолог,https://elibrary.ru/authors.asp?fams=%D0%94%D1%80%D0%B0%D1%87%D1%83%D0%BA&imas=%D0%90&otchs=%D0%9E,,todo
2,PERS_a1484b38,А. П. Кавалевская,А. П. Кавалевская,1,Active scholar and no external ID; Initials-only display name; Missing preferred Latin name,А. П. Кавалевская индолог,https://elibrary.ru/authors.asp?fams=%D0%9A%D0%B0%D0%B2%D0%B0%D0%BB%D0%B5%D0%B2%D1%81%D0%BA%D0%B0%D1%8F&imas=%D0%90&otchs=%D0%9F,,todo
2,PERS_5331196d,А. П. Ковалевская,А. П. Ковалевская,1,Active scholar and no external ID; Initials-only display name; Missing preferred Latin name,А. П. Ковалевская индолог,https://elibrary.ru/authors.asp?fams=%D0%9A%D0%BE%D0%B2%D0%B0%D0%BB%D0%B5%D0%B2%D1%81%D0%BA%D0%B0%D1%8F&imas=%D0%90&otchs=%D0%9F,,todo
2,PERS_35ac9c82,Б. В. Загуменнов,Б. В. Загуменнов,1,Active scholar and no external ID; Initials-only display name; Missing preferred Latin name,Б. В. Загуменнов индолог,https://elibrary.ru/authors.asp?fams=%D0%97%D0%B0%D0%B3%D1%83%D0%BC%D0%B5%D0%BD%D0%BD%D0%BE%D0%B2&imas=%D0%91&otchs=%D0%92,,todo
2,PERS_10547db9,Б. И. Загуменнов,Б. И. Загуменнов,1,Active scholar and no external ID; Initials-only display name; Missing preferred Latin name,Б. И. Загуменнов индолог,https://elibrary.ru/authors.asp?fams=%D0%97%D0%B0%D0%B3%D1%83%D0%BC%D0%B5%D0%BD%D0%BD%D0%BE%D0%B2&imas=%D0%91&otchs=%D0%98,,todo
2,PERS_26ce5ec1,Б. Нина,Б. Нина,1,Active scholar and no external ID; Initials-only display name; Missing preferred Latin name,Б. Нина индолог,https://elibrary.ru/authors.asp?fams=%D0%9D%D0%B8%D0%BD%D0%B0&imas=%D0%91,,todo
2,PERS_f1a308b7,В. А. Абинякин,В. А. Абинякин,1,Active scholar and no external ID; Initials-only display name; Missing preferred Latin name,В. А. Абинякин индолог,https://elibrary.ru/authors.asp?fams=%D0%90%D0%B1%D0%B8%D0%BD%D1%8F%D0%BA%D0%B8%D0%BD&imas=%D0%92&otchs=%D0%90,,todo
2,PERS_5f6689e8,В. А. Дмитриева,В. А. Дмитриева,1,Active scholar and no external ID; Initials-only display name; Missing preferred Latin name,В. А. Дмитриева индолог,https://elibrary.ru/authors.asp?fams=%D0%94%D0%BC%D0%B8%D1%82%D1%80%D0%B8%D0%B5%D0%B2%D0%B0&imas=%D0%92&otchs=%D0%90,,todo
2,PERS_a0f3d86d,В. А. Сергеева,В. А. Сергеева,1,Active scholar and no external ID; Initials-only display name; Missing preferred Latin name,В. А. Сергеева индолог,https://elibrary.ru/authors.asp?fams=%D0%A1%D0%B5%D1%80%D0%B3%D0%B5%D0%B5%D0%B2%D0%B0&imas=%D0%92&otchs=%D0%90,,todo
2,PERS_e96139bd,В. Б. Коробов,В. Б. Коробов,1,Active scholar and no external ID; Initials-only display name; Missing preferred Latin name,В. Б. Коробов индолог,https://elibrary.ru/authors.asp?fams=%D0%9A%D0%BE%D1%80%D0%BE%D0%B1%D0%BE%D0%B2&imas=%D0%92&otchs=%D0%91,,todo
2,PERS_ee3448c3,В. В. Деменова,В. В. Деменова,1,Active scholar and no external ID; Initials-only display name; Missing preferred Latin name,В. В. Деменова индолог,https://elibrary.ru/authors.asp?fams=%D0%94%D0%B5%D0%BC%D0%B5%D0%BD%D0%BE%D0%B2%D0%B0&imas=%D0%92&otchs=%D0%92,,todo
2,PERS_7d6f456c,В. Л. Мотылёва,В. Л. Мотылёва,1,Active scholar and no external ID; Initials-only display name; Missing preferred Latin name,В. Л. Мотылёва индолог,https://elibrary.ru/authors.asp?fams=%D0%9C%D0%BE%D1%82%D1%8B%D0%BB%D1%91%D0%B2%D0%B0&imas=%D0%92&otchs=%D0%9B,,todo
2,PERS_9bf51055,В. М. Шелкович,В. М. Шелкович,1,Active scholar and no external ID; Initials-only display name; Missing preferred Latin name,В. М. Шелкович индолог,https://elibrary.ru/authors.asp?fams=%D0%A8%D0%B5%D0%BB%D0%BA%D0%BE%D0%B2%D0%B8%D1%87&imas=%D0%92&otchs=%D0%9C,,todo
2,PERS_61de659d,В. Н. Белов,В. Н. Белов,1,Active scholar and no external ID; Initials-only display name; Missing preferred Latin name,В. Н. Белов индолог,https://elibrary.ru/authors.asp?fams=%D0%91%D0%B5%D0%BB%D0%BE%D0%B2&imas=%D0%92&otchs=%D0%9D,,todo
2,PERS_4a0de87e,В. С. Белимова,В. С. Белимова,1,Active scholar and no external ID; Initials-only display name; Missing preferred Latin name,В. С. Белимова индолог,https://elibrary.ru/authors.asp?fams=%D0%91%D0%B5%D0%BB%D0%B8%D0%BC%D0%BE%D0%B2%D0%B0&imas=%D0%92&otchs=%D0%A1,,todo
2,PERS_bd77e495,Г. Б. Корнеев,Г. Б. Корнеев,1,Active scholar and no external ID; Initials-only display name; Missing preferred Latin name,Г. Б. Корнеев индолог,https://elibrary.ru/authors.asp?fams=%D0%9A%D0%BE%D1%80%D0%BD%D0%B5%D0%B5%D0%B2&imas=%D0%93&otchs=%D0%91,,todo
2,PERS_de59a2bc,Г. В. Шарыгин,Г. В. Шарыгин,1,Active scholar and no external ID; Initials-only display name; Missing preferred Latin name,Г. В. Шарыгин индолог,https://elibrary.ru/authors.asp?fams=%D0%A8%D0%B0%D1%80%D1%8B%D0%B3%D0%B8%D0%BD&imas=%D0%93&otchs=%D0%92,,todo
2,PERS_42da4866,Г. Д. Стукалин,Г. Д. Стукалин,1,Active scholar and no external ID; Initials-only display name; Missing preferred Latin name,Г. Д. Стукалин индолог,https://elibrary.ru/authors.asp?fams=%D0%A1%D1%82%D1%83%D0%BA%D0%B0%D0%BB%D0%B8%D0%BD&imas=%D0%93&otchs=%D0%94,,todo
2,PERS_94aa5d0a,Г. И. Чернавин,Г. И. Чернавин,1,Active scholar and no external ID; Initials-only display name; Missing preferred Latin name,Г. И. Чернавин индолог,https://elibrary.ru/authors.asp?fams=%D0%A7%D0%B5%D1%80%D0%BD%D0%B0%D0%B2%D0%B8%D0%BD&imas=%D0%93&otchs=%D0%98,,todo
2,PERS_44440578,Г. Хелена,Г. Хелена,1,Active scholar and no external ID; Initials-only display name; Missing preferred Latin name,Г. Хелена индолог,https://elibrary.ru/authors.asp?fams=%D0%A5%D0%B5%D0%BB%D0%B5%D0%BD%D0%B0&imas=%D0%93,,todo
2,PERS_3e38ff72,Д. А. Рожнова,Д. А. Рожнова,1,Active scholar and no external ID; Initials-only display name; Missing preferred Latin name,Д. А. Рожнова индолог,https://elibrary.ru/authors.asp?fams=%D0%A0%D0%BE%D0%B6%D0%BD%D0%BE%D0%B2%D0%B0&imas=%D0%94&otchs=%D0%90,,todo
2,PERS_e4aab278,Д. В. Возчиков,Д. В. Возчиков,1,Active scholar and no external ID; Initials-only display name; Missing preferred Latin name,Д. В. Возчиков индолог,https://elibrary.ru/authors.asp?fams=%D0%92%D0%BE%D0%B7%D1%87%D0%B8%D0%BA%D0%BE%D0%B2&imas=%D0%94&otchs=%D0%92,,todo
2,PERS_2e2b9553,Д. Д. Наймушина,Д. Д. Наймушина,1,Active scholar and no external ID; Initials-only display name; Missing preferred Latin name,Д. Д. Наймушина индолог,https://elibrary.ru/authors.asp?fams=%D0%9D%D0%B0%D0%B9%D0%BC%D1%83%D1%88%D0%B8%D0%BD%D0%B0&imas=%D0%94&otchs=%D0%94,,todo
2,PERS_142b5c2b,Д. Н. Парамонов,Д. Н. Парамонов,1,Active scholar and no external ID; Initials-only display name; Missing preferred Latin name,Д. Н. Парамонов индолог,https://elibrary.ru/authors.asp?fams=%D0%9F%D0%B0%D1%80%D0%B0%D0%BC%D0%BE%D0%BD%D0%BE%D0%B2&imas=%D0%94&otchs=%D0%9D,,todo
2,PERS_3195408b,Д. Н. Ратушный,Д. Н. Ратушный,1,Active scholar and no external ID; Initials-only display name; Missing preferred Latin name,Д. Н. Ратушный индолог,https://elibrary.ru/authors.asp?fams=%D0%A0%D0%B0%D1%82%D1%83%D1%88%D0%BD%D1%8B%D0%B9&imas=%D0%94&otchs=%D0%9D,,todo
2,PERS_7700f517,Д. О. Парамонов,Д. О. Парамонов,1,Active scholar and no external ID; Initials-only display name; Missing preferred Latin name,Д. О. Парамонов индолог,https://elibrary.ru/authors.asp?fams=%D0%9F%D0%B0%D1%80%D0%B0%D0%BC%D0%BE%D0%BD%D0%BE%D0%B2&imas=%D0%94&otchs=%D0%9E,,todo
2,PERS_e30ad8b7,Д. С. Гавриков,Д. С. Гавриков,1,Active scholar and no external ID; Initials-only display name; Missing preferred Latin name,Д. С. Гавриков индолог,https://elibrary.ru/authors.asp?fams=%D0%93%D0%B0%D0%B2%D1%80%D0%B8%D0%BA%D0%BE%D0%B2&imas=%D0%94&otchs=%D0%A1,,todo
2,PERS_526da44f,Д. С. Шапошникова,Д. С. Шапошникова,1,Active scholar and no external ID; Initials-only display name; Missing preferred Latin name,Д. С. Шапошникова индолог,https://elibrary.ru/authors.asp?fams=%D0%A8%D0%B0%D0%BF%D0%BE%D1%88%D0%BD%D0%B8%D0%BA%D0%BE%D0%B2%D0%B0&imas=%D0%94&otchs=%D0%A1,,todo
2,PERS_fb73fb38,Е. В. Кешарпу,Е. В. Кешарпу,1,Active scholar and no external ID; Initials-only display name; Missing preferred Latin name,Е. В. Кешарпу индолог,https://elibrary.ru/authors.asp?fams=%D0%9A%D0%B5%D1%88%D0%B0%D1%80%D0%BF%D1%83&imas=%D0%95&otchs=%D0%92,,todo
2,PERS_bdaaf440,Е. В. Слинько,Е. В. Слинько,1,Active scholar and no external ID; Initials-only display name; Missing preferred Latin name,Е. В. Слинько индолог,https://elibrary.ru/authors.asp?fams=%D0%A1%D0%BB%D0%B8%D0%BD%D1%8C%D0%BA%D0%BE&imas=%D0%95&otchs=%D0%92,,todo
2,PERS_6b867946,Е. В. Смирнова,Е. В. Смирнова,1,Active scholar and no external ID; Initials-only display name; Missing preferred Latin name,Е. В. Смирнова индолог,https://elibrary.ru/authors.asp?fams=%D0%A1%D0%BC%D0%B8%D1%80%D0%BD%D0%BE%D0%B2%D0%B0&imas=%D0%95&otchs=%D0%92,,todo
2,PERS_2b7ca933,Е. В. Танонова,Е. В. Танонова,1,Active scholar and no external ID; Initials-only display name; Missing preferred Latin name,Е. В. Танонова индолог,https://elibrary.ru/authors.asp?fams=%D0%A2%D0%B0%D0%BD%D0%BE%D0%BD%D0%BE%D0%B2%D0%B0&imas=%D0%95&otchs=%D0%92,,todo
2,PERS_94f33410,Е. Г. Застрожнова,Е. Г. Застрожнова,1,Active scholar and no external ID; Initials-only display name; Missing preferred Latin name,Е. Г. Застрожнова индолог,https://elibrary.ru/authors.asp?fams=%D0%97%D0%B0%D1%81%D1%82%D1%80%D0%BE%D0%B6%D0%BD%D0%BE%D0%B2%D0%B0&imas=%D0%95&otchs=%D0%93,,todo
2,PERS_2095dc59,Е. Г. Шалахов,Е. Г. Шалахов,1,Active scholar and no external ID; Initials-only display name; Missing preferred Latin name,Е. Г. Шалахов индолог,https://elibrary.ru/authors.asp?fams=%D0%A8%D0%B0%D0%BB%D0%B0%D1%85%D0%BE%D0%B2&imas=%D0%95&otchs=%D0%93,,todo
2,PERS_3fd690ee,Е. Л. Комиссарук,Е. Л. Комиссарук,1,Active scholar and no external ID; Initials-only display name; Missing preferred Latin name,Е. Л. Комиссарук индолог,https://elibrary.ru/authors.asp?fams=%D0%9A%D0%BE%D0%BC%D0%B8%D1%81%D1%81%D0%B0%D1%80%D1%83%D0%BA&imas=%D0%95&otchs=%D0%9B,,todo
2,PERS_3d4df70f,Е. О. Акимушкина,Е. О. Акимушкина,1,Active scholar and no external ID; Initials-only display name; Missing preferred Latin name,Е. О. Акимушкина индолог,https://elibrary.ru/authors.asp?fams=%D0%90%D0%BA%D0%B8%D0%BC%D1%83%D1%88%D0%BA%D0%B8%D0%BD%D0%B0&imas=%D0%95&otchs=%D0%9E,,todo
2,PERS_ecdfe667,Е. О. Новосёлова,Е. О. Новосёлова,1,Active scholar and no external ID; Initials-only display name; Missing preferred Latin name,Е. О. Новосёлова индолог,https://elibrary.ru/authors.asp?fams=%D0%9D%D0%BE%D0%B2%D0%BE%D1%81%D1%91%D0%BB%D0%BE%D0%B2%D0%B0&imas=%D0%95&otchs=%D0%9E,,todo
2,PERS_6f89f9c1,Е. Р. Крючкова,Е. Р. Крючкова,1,Active scholar and no external ID; Initials-only display name; Missing preferred Latin name,Е. Р. Крючкова индолог,https://elibrary.ru/authors.asp?fams=%D0%9A%D1%80%D1%8E%D1%87%D0%BA%D0%BE%D0%B2%D0%B0&imas=%D0%95&otchs=%D0%A0,,todo
2,PERS_30b54681,Е. С. Бушуев,Е. С. Бушуев,1,Active scholar and no external ID; Initials-only display name; Missing preferred Latin name,Е. С. Бушуев индолог,https://elibrary.ru/authors.asp?fams=%D0%91%D1%83%D1%88%D1%83%D0%B5%D0%B2&imas=%D0%95&otchs=%D0%A1,,todo
2,PERS_04c4d444,Е. С. Юдицкая,Е. С. Юдицкая,1,Active scholar and no external ID; Initials-only display name; Missing preferred Latin name,Е. С. Юдицкая индолог,https://elibrary.ru/authors.asp?fams=%D0%AE%D0%B4%D0%B8%D1%86%D0%BA%D0%B0%D1%8F&imas=%D0%95&otchs=%D0%A1,,todo
2,PERS_fe03c926,И. А. Карышева,И. А. Карышева,1,Active scholar and no external ID; Initials-only display name; Missing preferred Latin name,И. А. Карышева индолог,https://elibrary.ru/authors.asp?fams=%D0%9A%D0%B0%D1%80%D1%8B%D1%88%D0%B5%D0%B2%D0%B0&imas=%D0%98&otchs=%D0%90,,todo
2,PERS_58e18506,И. А. Соколова,И. А. Соколова,1,Active scholar and no external ID; Initials-only display name; Missing preferred Latin name,И. А. Соколова индолог,https://elibrary.ru/authors.asp?fams=%D0%A1%D0%BE%D0%BA%D0%BE%D0%BB%D0%BE%D0%B2%D0%B0&imas=%D0%98&otchs=%D0%90,,todo
2,PERS_c582889e,И. Б. Иткин,Иткин Илья Борисович,1,Active scholar and no external ID; Initials-only display name; Missing preferred Latin name,Иткин Илья Борисович индолог,https://elibrary.ru/authors.asp?fams=%D0%98%D1%82%D0%BA%D0%B8%D0%BD&imas=%D0%98%D0%BB%D1%8C%D1%8F&otchs=%D0%91%D0%BE%D1%80%D0%B8%D1%81%D0%BE%D0%B2%D0%B8%D1%87,,todo
2,PERS_29607432,И. Е. Лапшин,И. Е. Лапшин,1,Active scholar and no external ID; Initials-only display name; Missing preferred Latin name,И. Е. Лапшин индолог,https://elibrary.ru/authors.asp?fams=%D0%9B%D0%B0%D0%BF%D1%88%D0%B8%D0%BD&imas=%D0%98&otchs=%D0%95,,todo
2,PERS_68e9019d,И. И. Малютин,И. И. Малютин,1,Active scholar and no external ID; Initials-only display name; Missing preferred Latin name,И. И. Малютин индолог,https://elibrary.ru/authors.asp?fams=%D0%9C%D0%B0%D0%BB%D1%8E%D1%82%D0%B8%D0%BD&imas=%D0%98&otchs=%D0%98,,todo
2,PERS_35a30342,И. О. Негреев,И. О. Негреев,1,Active scholar and no external ID; Initials-only display name; Missing preferred Latin name,И. О. Негреев индолог,https://elibrary.ru/authors.asp?fams=%D0%9D%D0%B5%D0%B3%D1%80%D0%B5%D0%B5%D0%B2&imas=%D0%98&otchs=%D0%9E,,todo
2,PERS_168a3a8b,И. С. Усенко,И. С. Усенко,1,Active scholar and no external ID; Initials-only display name; Missing preferred Latin name,И. С. Усенко индолог,https://elibrary.ru/authors.asp?fams=%D0%A3%D1%81%D0%B5%D0%BD%D0%BA%D0%BE&imas=%D0%98&otchs=%D0%A1,,todo
2,PERS_6a165aa7,К. В. Хазизова,К. В. Хазизова,1,Active scholar and no external ID; Initials-only display name; Missing preferred Latin name,К. В. Хазизова индолог,https://elibrary.ru/authors.asp?fams=%D0%A5%D0%B0%D0%B7%D0%B8%D0%B7%D0%BE%D0%B2%D0%B0&imas=%D0%9A&otchs=%D0%92,,todo
2,PERS_147ab928,К. Д. Никольская,К. Д. Никольская,1,Active scholar and no external ID; Initials-only display name; Missing preferred Latin name,К. Д. Никольская индолог,https://elibrary.ru/authors.asp?fams=%D0%9D%D0%B8%D0%BA%D0%BE%D0%BB%D1%8C%D1%81%D0%BA%D0%B0%D1%8F&imas=%D0%9A&otchs=%D0%94,,todo
2,PERS_40f75cf9,Л. Г. Роман,Л. Г. Роман,1,Active scholar and no external ID; Initials-only display name; Missing preferred Latin name,Л. Г. Роман индолог,https://elibrary.ru/authors.asp?fams=%D0%A0%D0%BE%D0%BC%D0%B0%D0%BD&imas=%D0%9B&otchs=%D0%93,,todo
2,PERS_9366fe2c,Л. Э. Крыштоп,Л. Э. Крыштоп,1,Active scholar and no external ID; Initials-only display name; Missing preferred Latin name,Л. Э. Крыштоп индолог,https://elibrary.ru/authors.asp?fams=%D0%9A%D1%80%D1%8B%D1%88%D1%82%D0%BE%D0%BF&imas=%D0%9B&otchs=%D0%AD,,todo
2,PERS_47ad46f1,М. А. Родионов,М. А. Родионов,1,Active scholar and no external ID; Initials-only display name; Missing preferred Latin name,М. А. Родионов индолог,https://elibrary.ru/authors.asp?fams=%D0%A0%D0%BE%D0%B4%D0%B8%D0%BE%D0%BD%D0%BE%D0%B2&imas=%D0%9C&otchs=%D0%90,,todo
2,PERS_a901d460,М. А. Фаградян,М. А. Фаградян,1,Active scholar and no external ID; Initials-only display name; Missing preferred Latin name,М. А. Фаградян индолог,https://elibrary.ru/authors.asp?fams=%D0%A4%D0%B0%D0%B3%D1%80%D0%B0%D0%B4%D1%8F%D0%BD&imas=%D0%9C&otchs=%D0%90,,todo
2,PERS_05707a8e,М. Б. Загорулько,М. Б. Загорулько,1,Active scholar and no external ID; Initials-only display name; Missing preferred Latin name,М. Б. Загорулько индолог,https://elibrary.ru/authors.asp?fams=%D0%97%D0%B0%D0%B3%D0%BE%D1%80%D1%83%D0%BB%D1%8C%D0%BA%D0%BE&imas=%D0%9C&otchs=%D0%91,,todo
2,PERS_34c0d384,М. Б. Павлова,М. Б. Павлова,1,Active scholar and no external ID; Initials-only display name; Missing preferred Latin name,М. Б. Павлова индолог,https://elibrary.ru/authors.asp?fams=%D0%9F%D0%B0%D0%B2%D0%BB%D0%BE%D0%B2%D0%B0&imas=%D0%9C&otchs=%D0%91,,todo
2,PERS_00c3b0cc,М. Б. Щербак,М. Б. Щербак,1,Active scholar and no external ID; Initials-only display name; Missing preferred Latin name,М. Б. Щербак индолог,https://elibrary.ru/authors.asp?fams=%D0%A9%D0%B5%D1%80%D0%B1%D0%B0%D0%BA&imas=%D0%9C&otchs=%D0%91,,todo
2,PERS_88e5311f,М. В. Босхомджиев,М. В. Босхомджиев,1,Active scholar and no external ID; Initials-only display name; Missing preferred Latin name,М. В. Босхомджиев индолог,https://elibrary.ru/authors.asp?fams=%D0%91%D0%BE%D1%81%D1%85%D0%BE%D0%BC%D0%B4%D0%B6%D0%B8%D0%B5%D0%B2&imas=%D0%9C&otchs=%D0%92,,todo
2,PERS_f1f2471d,М. М. Игнатова,М. М. Игнатова,1,Active scholar and no external ID; Initials-only display name; Missing preferred Latin name,М. М. Игнатова индолог,https://elibrary.ru/authors.asp?fams=%D0%98%D0%B3%D0%BD%D0%B0%D1%82%D0%BE%D0%B2%D0%B0&imas=%D0%9C&otchs=%D0%9C,,todo
2,PERS_96b8b195,М. Н. Боголюбов,М. Н. Боголюбов,1,Active scholar and no external ID; Initials-only display name; Missing preferred Latin name,М. Н. Боголюбов индолог,https://elibrary.ru/authors.asp?fams=%D0%91%D0%BE%D0%B3%D0%BE%D0%BB%D1%8E%D0%B1%D0%BE%D0%B2&imas=%D0%9C&otchs=%D0%9D,,todo
2,PERS_b024f2dd,М. Н. Русанов,М. Н. Русанов,1,Active scholar and no external ID; Initials-only display name; Missing preferred Latin name,М. Н. Русанов индолог,https://elibrary.ru/authors.asp?fams=%D0%A0%D1%83%D1%81%D0%B0%D0%BD%D0%BE%D0%B2&imas=%D0%9C&otchs=%D0%9D,,todo
2,PERS_ce100d3f,М. Шилинскене,М. Шилинскене,1,Active scholar and no external ID; Initials-only display name; Missing preferred Latin name,М. Шилинскене индолог,https://elibrary.ru/authors.asp?fams=%D0%A8%D0%B8%D0%BB%D0%B8%D0%BD%D1%81%D0%BA%D0%B5%D0%BD%D0%B5&imas=%D0%9C,,todo
2,PERS_7efcddc6,Н. А. Брылёва,Н. А. Брылёва,1,Active scholar and no external ID; Initials-only display name; Missing preferred Latin name,Н. А. Брылёва индолог,https://elibrary.ru/authors.asp?fams=%D0%91%D1%80%D1%8B%D0%BB%D1%91%D0%B2%D0%B0&imas=%D0%9D&otchs=%D0%90,,todo
2,PERS_38c5f03f,Н. А. Железнова,Железнова Наталья Анатольевна,1,Active scholar and no external ID; Initials-only display name; Missing preferred Latin name,Железнова Наталья Анатольевна индолог,https://elibrary.ru/authors.asp?fams=%D0%96%D0%B5%D0%BB%D0%B5%D0%B7%D0%BD%D0%BE%D0%B2%D0%B0&imas=%D0%9D%D0%B0%D1%82%D0%B0%D0%BB%D1%8C%D1%8F&otchs=%D0%90%D0%BD%D0%B0%D1%82%D0%BE%D0%BB%D1%8C%D0%B5%D0%B2%D0%BD%D0%B0,,todo
2,PERS_cac87738,Н. В. Гузеватая,Н. В. Гузеватая,1,Active scholar and no external ID; Initials-only display name; Missing preferred Latin name,Н. В. Гузеватая индолог,https://elibrary.ru/authors.asp?fams=%D0%93%D1%83%D0%B7%D0%B5%D0%B2%D0%B0%D1%82%D0%B0%D1%8F&imas=%D0%9D&otchs=%D0%92,,todo
2,PERS_f82b6a8e,Н. В. Сенина,Н. В. Сенина,1,Active scholar and no external ID; Initials-only display name; Missing preferred Latin name,Н. В. Сенина индолог,https://elibrary.ru/authors.asp?fams=%D0%A1%D0%B5%D0%BD%D0%B8%D0%BD%D0%B0&imas=%D0%9D&otchs=%D0%92,,todo
2,PERS_a8983673,Н. Л. Вигель,Н. Л. Вигель,1,Active scholar and no external ID; Initials-only display name; Missing preferred Latin name,Н. Л. Вигель индолог,https://elibrary.ru/authors.asp?fams=%D0%92%D0%B8%D0%B3%D0%B5%D0%BB%D1%8C&imas=%D0%9D&otchs=%D0%9B,,todo
2,PERS_a638a4b3,Н. Л. Федорова,Н. Л. Федорова,1,Active scholar and no external ID; Initials-only display name; Missing preferred Latin name,Н. Л. Федорова индолог,https://elibrary.ru/authors.asp?fams=%D0%A4%D0%B5%D0%B4%D0%BE%D1%80%D0%BE%D0%B2%D0%B0&imas=%D0%9D&otchs=%D0%9B,,todo
2,PERS_2e00cb36,О. Н. Меренкова,О. Н. Меренкова,1,Active scholar and no external ID; Initials-only display name; Missing preferred Latin name,О. Н. Меренкова индолог,https://elibrary.ru/authors.asp?fams=%D0%9C%D0%B5%D1%80%D0%B5%D0%BD%D0%BA%D0%BE%D0%B2%D0%B0&imas=%D0%9E&otchs=%D0%9D,,todo
2,PERS_f5a69b65,С. А. Кройцер,С. А. Кройцер,1,Active scholar and no external ID; Initials-only display name; Missing preferred Latin name,С. А. Кройцер индолог,https://elibrary.ru/authors.asp?fams=%D0%9A%D1%80%D0%BE%D0%B9%D1%86%D0%B5%D1%80&imas=%D0%A1&otchs=%D0%90,,todo
2,PERS_37bb2d43,С. А. Покатилов,С. А. Покатилов,1,Active scholar and no external ID; Initials-only display name; Missing preferred Latin name,С. А. Покатилов индолог,https://elibrary.ru/authors.asp?fams=%D0%9F%D0%BE%D0%BA%D0%B0%D1%82%D0%B8%D0%BB%D0%BE%D0%B2&imas=%D0%A1&otchs=%D0%90,,todo
2,PERS_2c9b38ec,С. В. Ватман,С. В. Ватман,1,Active scholar and no external ID; Initials-only display name; Missing preferred Latin name,С. В. Ватман индолог,https://elibrary.ru/authors.asp?fams=%D0%92%D0%B0%D1%82%D0%BC%D0%B0%D0%BD&imas=%D0%A1&otchs=%D0%92,,todo
2,PERS_4ebb20aa,С. В. Кардинская,С. В. Кардинская,1,Active scholar and no external ID; Initials-only display name; Missing preferred Latin name,С. В. Кардинская индолог,https://elibrary.ru/authors.asp?fams=%D0%9A%D0%B0%D1%80%D0%B4%D0%B8%D0%BD%D1%81%D0%BA%D0%B0%D1%8F&imas=%D0%A1&otchs=%D0%92,,todo
2,PERS_92f41884,С. В. Касым,С. В. Касым,1,Active scholar and no external ID; Initials-only display name; Missing preferred Latin name,С. В. Касым индолог,https://elibrary.ru/authors.asp?fams=%D0%9A%D0%B0%D1%81%D1%8B%D0%BC&imas=%D0%A1&otchs=%D0%92,,todo
2,PERS_1130c736,С. Д. Серебряный,Серебряный Сергей Дмитриевич,1,Active scholar and no external ID; Initials-only display name; Missing preferred Latin name,Серебряный Сергей Дмитриевич индолог,https://elibrary.ru/authors.asp?fams=%D0%A1%D0%B5%D1%80%D0%B5%D0%B1%D1%80%D1%8F%D0%BD%D1%8B%D0%B9&imas=%D0%A1%D0%B5%D1%80%D0%B3%D0%B5%D0%B9&otchs=%D0%94%D0%BC%D0%B8%D1%82%D1%80%D0%B8%D0%B5%D0%B2%D0%B8%D1%87,,todo
2,PERS_9ddf9210,С. П. Нестеркин,С. П. Нестеркин,1,Active scholar and no external ID; Initials-only display name; Missing preferred Latin name,С. П. Нестеркин индолог,https://elibrary.ru/authors.asp?fams=%D0%9D%D0%B5%D1%81%D1%82%D0%B5%D1%80%D0%BA%D0%B8%D0%BD&imas=%D0%A1&otchs=%D0%9F,,todo
2,PERS_e1d622e5,С. Ф. Мажитов,С. Ф. Мажитов,1,Active scholar and no external ID; Initials-only display name; Missing preferred Latin name,С. Ф. Мажитов индолог,https://elibrary.ru/authors.asp?fams=%D0%9C%D0%B0%D0%B6%D0%B8%D1%82%D0%BE%D0%B2&imas=%D0%A1&otchs=%D0%A4,,todo
2,PERS_af811d47,Т. Г. Корнеева,Т. Г. Корнеева,1,Active scholar and no external ID; Initials-only display name; Missing preferred Latin name,Т. Г. Корнеева индолог,https://elibrary.ru/authors.asp?fams=%D0%9A%D0%BE%D1%80%D0%BD%D0%B5%D0%B5%D0%B2%D0%B0&imas=%D0%A2&otchs=%D0%93,,todo
2,PERS_ed83f502,Т. П. Селиванова,Т. П. Селиванова,1,Active scholar and no external ID; Initials-only display name; Missing preferred Latin name,Т. П. Селиванова индолог,https://elibrary.ru/authors.asp?fams=%D0%A1%D0%B5%D0%BB%D0%B8%D0%B2%D0%B0%D0%BD%D0%BE%D0%B2%D0%B0&imas=%D0%A2&otchs=%D0%9F,,todo
2,PERS_5bbfea37,Т. Т. Скороходова,Т. Т. Скороходова,1,Active scholar and no external ID; Initials-only display name; Missing preferred Latin name,Т. Т. Скороходова индолог,https://elibrary.ru/authors.asp?fams=%D0%A1%D0%BA%D0%BE%D1%80%D0%BE%D1%85%D0%BE%D0%B4%D0%BE%D0%B2%D0%B0&imas=%D0%A2&otchs=%D0%A2,,todo
2,PERS_900efc73,Т. Ю. Зевацкий,Т. Ю. Зевацкий,1,Active scholar and no external ID; Initials-only display name; Missing preferred Latin name,Т. Ю. Зевацкий индолог,https://elibrary.ru/authors.asp?fams=%D0%97%D0%B5%D0%B2%D0%B0%D1%86%D0%BA%D0%B8%D0%B9&imas=%D0%A2&otchs=%D0%AE,,todo
2,PERS_936e1165,Файбушевич Светлана Ивановна,Файбушевич Светлана Ивановна,1,Active scholar and no external ID; Missing preferred Latin name,Файбушевич Светлана Ивановна индолог,https://elibrary.ru/authors.asp?fams=%D0%A4%D0%B0%D0%B9%D0%B1%D1%83%D1%88%D0%B5%D0%B2%D0%B8%D1%87&imas=%D0%A1%D0%B2%D0%B5%D1%82%D0%BB%D0%B0%D0%BD%D0%B0&otchs=%D0%98%D0%B2%D0%B0%D0%BD%D0%BE%D0%B2%D0%BD%D0%B0,,todo
2,PERS_68270eaf,Э. В. Галимова,Э. В. Галимова,1,Active scholar and no external ID; Initials-only display name; Missing preferred Latin name,Э. В. Галимова индолог,https://elibrary.ru/authors.asp?fams=%D0%93%D0%B0%D0%BB%D0%B8%D0%BC%D0%BE%D0%B2%D0%B0&imas=%D0%AD&otchs=%D0%92,,todo
2,PERS_07adc1e6,Э. З. Лейтан,Э. З. Лейтан,1,Active scholar and no external ID; Initials-only display name; Missing preferred Latin name,Э. З. Лейтан индолог,https://elibrary.ru/authors.asp?fams=%D0%9B%D0%B5%D0%B9%D1%82%D0%B0%D0%BD&imas=%D0%AD&otchs=%D0%97,,todo
2,PERS_23f54085,Э. И. Введенская,Э. И. Введенская,1,Active scholar and no external ID; Initials-only display name; Missing preferred Latin name,Э. И. Введенская индолог,https://elibrary.ru/authors.asp?fams=%D0%92%D0%B2%D0%B5%D0%B4%D0%B5%D0%BD%D1%81%D0%BA%D0%B0%D1%8F&imas=%D0%AD&otchs=%D0%98,,todo
2,PERS_fc976255,Э. Н. Комаров,Э. Н. Комаров,1,Active scholar and no external ID; Initials-only display name; Missing preferred Latin name,Э. Н. Комаров индолог,https://elibrary.ru/authors.asp?fams=%D0%9A%D0%BE%D0%BC%D0%B0%D1%80%D0%BE%D0%B2&imas=%D0%AD&otchs=%D0%9D,,todo
2,PERS_d01427ca,Ю. В. Бещук,Ю. В. Бещук,1,Active scholar and no external ID; Initials-only display name; Missing preferred Latin name,Ю. В. Бещук индолог,https://elibrary.ru/authors.asp?fams=%D0%91%D0%B5%D1%89%D1%83%D0%BA&imas=%D0%AE&otchs=%D0%92,,todo
2,PERS_23abae7d,Ю. Г. Пушкарева,Ю. Г. Пушкарева,1,Active scholar and no external ID; Initials-only display name; Missing preferred Latin name,Ю. Г. Пушкарева индолог,https://elibrary.ru/authors.asp?fams=%D0%9F%D1%83%D1%88%D0%BA%D0%B0%D1%80%D0%B5%D0%B2%D0%B0&imas=%D0%AE&otchs=%D0%93,,todo
2,PERS_d3cb634e,Ю. С. Атманова,Ю. С. Атманова,1,Active scholar and no external ID; Initials-only display name; Missing preferred Latin name,Ю. С. Атманова индолог,https://elibrary.ru/authors.asp?fams=%D0%90%D1%82%D0%BC%D0%B0%D0%BD%D0%BE%D0%B2%D0%B0&imas=%D0%AE&otchs=%D0%A1,,todo
2,PERS_dfaf6803,Я. А. Борисов,Я. А. Борисов,1,Active scholar and no external ID; Initials-only display name; Missing preferred Latin name,Я. А. Борисов индолог,https://elibrary.ru/authors.asp?fams=%D0%91%D0%BE%D1%80%D0%B8%D1%81%D0%BE%D0%B2&imas=%D0%AF&otchs=%D0%90,,todo
