person_id,display_name,full_name_ru,n_talks,rinc_search_url,review_status,rinc_author_id,spin,profile_url,reviewer,checked_at,notes,birth_year_estimate,first_publication_year,first_publication_source
PERS_c52dfaa0,Цветкова Светлана Олеговна,Цветкова Софья Олеговна,22,https://elibrary.ru/author_items.asp?authorid=&fams=Цветкова,todo,,,,,,rejected_filter:low_works_count=2,,,
PERS_11da326d,Тавастшерна Сергей Сергеевич,Тавастшерна Сергей Сергеевич,20,https://elibrary.ru/author_items.asp?authorid=&fams=Тавастшерна,todo,,,,,,no_match,,,
PERS_f074f69f,Александрова Наталия Владимировна,Александрова Наталия Владимировна,20,https://elibrary.ru/author_items.asp?authorid=&fams=Александрова,todo,,,,,,rejected_filter:low_works_count=4,,,
PERS_d98da899,Рыжакова Светлана Игоревна,Рыжакова Светлана Игоревна,19,https://elibrary.ru/author_items.asp?authorid=&fams=Рыжакова,todo,,,,,,rejected_filter:pub_year_pre_2015=2005,,,
PERS_12125da9,Лысенко Виктория Георгиевна,Лысенко Виктория Георгиевна,16,https://elibrary.ru/author_items.asp?authorid=&fams=Лысенко,todo,,,,,,rejected_filter:low_works_count=1,,,
PERS_40862f5e,Корнеева Наталья Афанасьевна,Корнеева Наталья Афанасьевна,15,https://elibrary.ru/author_items.asp?authorid=&fams=Корнеева,todo,,,,,,no_match,,,
PERS_1fa7cc0c,Дубянский Александр Михайлович,Дубянский Александр Михайлович,14,https://elibrary.ru/author_items.asp?authorid=&fams=Дубянский,todo,,,,,,no_match,,,
PERS_1a097e52,Парибок Андрей Всеволодович,Парибок Андрей Всеволодович,13,https://elibrary.ru/author_items.asp?authorid=&fams=Парибок,todo,,,,,,,1992,2017,openalex
PERS_5228da95,В. В. Вертоградова,Вертоградова Виктория Викторовна,13,https://elibrary.ru/author_items.asp?authorid=&fams=Вертоградова,todo,,,,,,rejected_filter:low_works_count=3,,,
PERS_e1dd6b3e,Лидова Наталья Ростиславовна,Лидова Наталья Ростиславовна,13,https://elibrary.ru/author_items.asp?authorid=&fams=Лидова,todo,,,,,,no_match,,,
PERS_e31ca12d,Вечерина Ольга Павловна,Вечерина Ольга Павловна,13,https://elibrary.ru/author_items.asp?authorid=&fams=Вечерина,todo,,,,,,rejected_filter:pub_year_pre_2015=2004,,,
PERS_003adcfe,Псху Рузана Владимировна,Псху Рузана Владимировна,12,https://elibrary.ru/author_items.asp?authorid=&fams=Псху,todo,,,,,,rejected_filter:pub_year_pre_2015=2010,,,
PERS_3e105f43,Игнатьев Андрей Александрович,Игнатьев Андрей Александрович,12,https://elibrary.ru/author_items.asp?authorid=&fams=Игнатьев,todo,,,,,,rejected_filter:low_works_count=1,,,
PERS_6578b52d,Е. В. Тюлина,Тюлина Елена Владимировна,12,https://elibrary.ru/author_items.asp?authorid=&fams=Тюлина,todo,,,,,,rejected_filter:low_works_count=1,,,
PERS_829c1de5,Васильков Ярослав Владимирович,Васильков Ярослав Владимирович,12,https://elibrary.ru/author_items.asp?authorid=&fams=Васильков,todo,,,,,,rejected_filter:pub_year_pre_2015=2014,,,
PERS_9374fd12,Е. Г. Вырщиков,Вырщиков Евгений Геннадьевич,12,https://elibrary.ru/author_items.asp?authorid=&fams=Вырщиков,todo,,,,,,no_match,,,
PERS_e9545a0b,А. М. Шустова,Шустова Алла Михайловна,12,https://elibrary.ru/author_items.asp?authorid=&fams=Шустова,todo,,,,,,rejected_filter:low_works_count=2,,,
PERS_56508328,Десницкая Евгения Алексеевна,Десницкая Евгения Алексеевна,11,https://elibrary.ru/author_items.asp?authorid=&fams=Десницкая,todo,,,,,,rejected_filter:low_works_count=1,,,
PERS_61202bf3,Ю. М. Алиханова,Ю. М. Алиханова,11,https://elibrary.ru/author_items.asp?authorid=&fams=Алиханова,todo,,,,,,no_match,,,
PERS_da862dde,Ю. И. Дробышев,Дробышев Юлий Игорьевич,11,https://elibrary.ru/author_items.asp?authorid=&fams=Дробышев,todo,,,,,,rejected_filter:pub_year_pre_2015=2005,,,
PERS_05d56645,Бабин Александр Николаевич,Бабин Александр Николаевич,10,https://elibrary.ru/author_items.asp?authorid=&fams=Бабин,todo,,,,,,rejected_filter:low_works_count=1,,,
PERS_41d6aa73,Воробьева Дарья Николаевна,Воробьева Дарья Николаевна,10,https://elibrary.ru/author_items.asp?authorid=&fams=Воробьева,todo,,,,,,no_match,,,
PERS_92868e4f,Д. И. Жутаев,Жутаев Дмитрий Игоревич,10,https://elibrary.ru/author_items.asp?authorid=&fams=Жутаев,todo,,,,,,no_match,,,
PERS_9a855a7b,Альбедиль Маргарита Федоровна,Альбедиль Маргарита Федоровна,10,https://elibrary.ru/author_items.asp?authorid=&fams=Альбедиль,todo,,,,,,,1990,2015,openalex
PERS_c48611e0,Островская Елена Петровна,Островская Елена Петровна,10,https://elibrary.ru/author_items.asp?authorid=&fams=Островская,todo,,,,,,rejected_filter:pub_year_pre_2015=2010,,,
PERS_260a598a,Пахомов Сергей Владимирович,Пахомов Сергей Владимирович,9,https://elibrary.ru/author_items.asp?authorid=&fams=Пахомов,todo,,,,,,rejected_filter:pub_year_pre_2015=2008,,,
PERS_2fd442aa,С. Ч. Офертас,С. Ч. Офертас,9,https://elibrary.ru/author_items.asp?authorid=&fams=Офертас,todo,,,,,,no_match,,,
PERS_3357f25b,Скороходова Татьяна Григорьевна,Скороходова Татьяна Григорьевна,9,https://elibrary.ru/author_items.asp?authorid=&fams=Скороходова,todo,,,,,,rejected_filter:low_works_count=2,,,
PERS_3b196639,Гордийчук Николай Валентинович,Гордийчук Николай Валентинович,9,https://elibrary.ru/author_items.asp?authorid=&fams=Гордийчук,todo,,,,,,rejected_filter:low_works_count=1,,,
PERS_5d324297,К. П. Шрестха,К. П. Шрестха,9,https://elibrary.ru/author_items.asp?authorid=&fams=Шрестха,todo,,,,,,no_match,,,
PERS_5ed752d9,Б. У. Китинов,Б. У. Китинов,9,https://elibrary.ru/author_items.asp?authorid=&fams=Китинов,todo,,,,,,rejected_filter:low_works_count=1,,,
PERS_8e117242,Е. А. Юдицкая,Е. А. Юдицкая,9,https://elibrary.ru/author_items.asp?authorid=&fams=Юдицкая,todo,,,,,,rejected_filter:low_works_count=1,,,
PERS_a0264ac5,Бурмистров Сергей Леонидович,Бурмистров Сергей Леонидович,9,https://elibrary.ru/author_items.asp?authorid=&fams=Бурмистров,todo,,,,,,rejected_filter:pub_year_pre_2015=2008,,,
PERS_e72d4c09,Е. Д. Огнева,Е. Д. Огнева,9,https://elibrary.ru/author_items.asp?authorid=&fams=Огнева,todo,,,,,,no_match,,,
PERS_ea44fd14,А. Г. Люлина,Люлина Анастасия Геннадьевна,9,https://elibrary.ru/author_items.asp?authorid=&fams=Люлина,todo,,,,,,no_match,,,
PERS_f2fef030,Мехакян Арег Гайкович,Мехакян Арег Гайкович,9,https://elibrary.ru/author_items.asp?authorid=&fams=Мехакян,todo,,,,,,no_match,,,
PERS_36dabb79,А. Г. Гурия,Гурия Анастасия Георгиевна,8,https://elibrary.ru/author_items.asp?authorid=&fams=Гурия,todo,,,,,,rejected_filter:low_works_count=1,,,
PERS_5d34c947,Волошина Оксана Анатольевна,Волошина Оксана Анатольевна,8,https://elibrary.ru/author_items.asp?authorid=&fams=Волошина,todo,,,,,,rejected_filter:pub_year_pre_2015=2010,,,
PERS_7542d270,Демченко Максим Борисович,Демченко Максим Борисович,8,https://elibrary.ru/author_items.asp?authorid=&fams=Демченко,todo,,,,,,rejected_filter:low_works_count=3,,,
PERS_fb25c80f,Ермакова Татьяна Викторовна,Ермакова Татьяна Викторовна,8,https://elibrary.ru/author_items.asp?authorid=&fams=Ермакова,todo,,,,,,rejected_filter:low_works_count=1,,,
PERS_0e0a154e,Титлин Лев Игоревич,Титлин Лев Игоревич,7,https://elibrary.ru/author_items.asp?authorid=&fams=Титлин,todo,,,,,,rejected_filter:low_works_count=1,,,
PERS_1c6fcce5,Кузина Елизавета Олеговна,Кузина Елизавета Олеговна,7,https://elibrary.ru/author_items.asp?authorid=&fams=Кузина,todo,,,,,,rejected_filter:low_works_count=1,,,
PERS_50d73711,Смирнитская Анна Александровна,Смирнитская Анна Александровна,7,https://elibrary.ru/author_items.asp?authorid=&fams=Смирнитская,todo,,,,,,rejected_filter:low_works_count=3,,,
PERS_72506535,Крылова Анастасия Сергеевна,Крылова Анастасия Сергеевна,7,https://elibrary.ru/author_items.asp?authorid=&fams=Крылова,todo,,,,,,,1990,2015,openalex
PERS_9f398436,Куликов Леонид Игоревич,Куликов Леонид Игоревич,7,https://elibrary.ru/author_items.asp?authorid=&fams=Куликов,todo,,,,,,rejected_filter:pub_year_pre_2015=2011,,,
PERS_c5677a3f,А. В. Зорин,Зорин Алексей Валерьевич,7,https://elibrary.ru/author_items.asp?authorid=&fams=Зорин,todo,,,,,,rejected_filter:pub_year_pre_2015=1989,,,
PERS_cfb92c5f,Уланский Евгений Александрович,Уланский Евгений Андреевич,7,https://elibrary.ru/author_items.asp?authorid=&fams=Уланский,todo,,,,,,rejected_filter:low_works_count=3,,,
PERS_db046be0,Сабирова Римма Наилевна,Сабирова Римма Наилевна,7,https://elibrary.ru/author_items.asp?authorid=&fams=Сабирова,todo,,,,,,rejected_filter:low_works_count=2,,,
PERS_23215083,М. А. Русанов,М. А. Русанов,6,https://elibrary.ru/author_items.asp?authorid=&fams=Русанов,todo,,,,,,rejected_filter:pub_year_pre_2015=2003,,,
PERS_287fe378,Рыбакова Анна Геннадьевна,Рыбакова Анна Геннадьевна,6,https://elibrary.ru/author_items.asp?authorid=&fams=Рыбакова,todo,,,,,,no_match,,,
PERS_8516d1e4,Гасунс Марцис Юрьевич,Гасунс Марцис Юрьевич,6,https://elibrary.ru/author_items.asp?authorid=&fams=Гасунс,todo,,,,,,no_match,,,
PERS_9ad66151,Д. Н. Лелюхин,Д. Н. Лелюхин,6,https://elibrary.ru/author_items.asp?authorid=&fams=Лелюхин,todo,,,,,,no_match,,,
PERS_a84aedaa,Шомахмадов Сафарали Хайбуллоевич,Шомахмадов Сафарали Хайбуллоевич,6,https://elibrary.ru/author_items.asp?authorid=&fams=Шомахмадов,todo,,,,,,rejected_filter:pub_year_pre_2015=2008,,,
PERS_bc97fb65,Краснодембская Нина Георгиевна,Краснодембская Нина Георгиевна,6,https://elibrary.ru/author_items.asp?authorid=&fams=Краснодембская,todo,,,,,,rejected_filter:low_works_count=2,,,
PERS_d2559ba1,Е. С. Лепехова,Е. С. Лепехова,6,https://elibrary.ru/author_items.asp?authorid=&fams=Лепехова,todo,,,,,,no_match,,,
PERS_df6e2007,А. А. Мехакян,А. А. Мехакян,6,https://elibrary.ru/author_items.asp?authorid=&fams=Мехакян,todo,,,,,,no_match,,,
PERS_ebb6d156,А. В. Ложкина,Ложкина Анастасия Витальевна,6,https://elibrary.ru/author_items.asp?authorid=&fams=Ложкина,todo,,,,,,no_match,,,
PERS_efc88709,Канаева Наталия Алексеевна,Канаева Наталия Алексеевна,6,https://elibrary.ru/author_items.asp?authorid=&fams=Канаева,todo,,,,,,rejected_filter:low_works_count=3,,,
PERS_f19cd8a1,Котин Игорь Юрьевич,Котин Игорь Юрьевич,6,https://elibrary.ru/author_items.asp?authorid=&fams=Котин,todo,,,,,,rejected_filter:pub_year_pre_2015=2009,,,
PERS_f8ab5755,Оранская Татьяна Иосифовна,Оранская Татьяна Иосифовна,6,https://elibrary.ru/author_items.asp?authorid=&fams=Оранская,todo,,,,,,rejected_filter:low_works_count=1,,,
PERS_0665f215,Шохин Владимир Кириллович,Шохин Владимир Кириллович,5,https://elibrary.ru/author_items.asp?authorid=&fams=Шохин,todo,,,,,,,,,
PERS_0c451d76,Лобанов Сергей Владимирович,Лобанов Сергей Владимирович,5,https://elibrary.ru/author_items.asp?authorid=&fams=Лобанов,todo,,,,,,,,,
PERS_22d87263,Костина Екатерина Александровна,Костина Екатерина Александровна,5,https://elibrary.ru/author_items.asp?authorid=&fams=Костина,todo,,,,,,,,,
PERS_58b39545,Ренковская Евгения Алексеевна,Ренковская Евгения Алексеевна,5,https://elibrary.ru/author_items.asp?authorid=&fams=Ренковская,todo,,,,,,,,,
PERS_7eb0dc30,Зимина Татьяна Александровна,Зимина Татьяна Александровна,5,https://elibrary.ru/author_items.asp?authorid=&fams=Зимина,todo,,,,,,,,,
PERS_91b473b1,Челнокова Анна Витальевна,Челнокова Анна Витальевна,5,https://elibrary.ru/author_items.asp?authorid=&fams=Челнокова,todo,,,,,,,,,
PERS_92f293f8,П. В. Хрущева,П. В. Хрущева,5,https://elibrary.ru/author_items.asp?authorid=&fams=Хрущева,todo,,,,,,,,,
PERS_93e2effb,Комиссаров Дмитрий Алексеевич,Комиссаров Дмитрий Андреевич,5,https://elibrary.ru/author_items.asp?authorid=&fams=Комиссаров,todo,,,,,,,,,
PERS_c6bbcef3,Битинайте Елена Алексеевна,Битинайте Елена Алексеевна,5,https://elibrary.ru/author_items.asp?authorid=&fams=Битинайте,todo,,,,,,,,,
PERS_dd7de77e,Е. К. Бросалина,Е. К. Бросалина,5,https://elibrary.ru/author_items.asp?authorid=&fams=Бросалина,todo,,,,,,,,,
PERS_f5b8b340,Вигасин Алексей Алексеевич,Вигасин Алексей Алексеевич,5,https://elibrary.ru/author_items.asp?authorid=&fams=Вигасин,todo,,,,,,,,,
PERS_06ee047f,Ю. И. Елихина,Ю. И. Елихина,4,https://elibrary.ru/author_items.asp?authorid=&fams=Елихина,todo,,,,,,,,,
PERS_088c4df7,Ю.Г. Атманова,Ю.Г. Атманова,4,https://elibrary.ru/author_items.asp?authorid=&fams=Атманова,todo,,,,,,,,,
PERS_2a2e5602,Коровина Евгения Владимировна,Коровина Евгения Владимировна,4,https://elibrary.ru/author_items.asp?authorid=&fams=Коровина,todo,,,,,,,,,
PERS_3c202afd,Крапивина Раиса Николаевна,Крапивина Рада Нельсовна,4,https://elibrary.ru/author_items.asp?authorid=&fams=Крапивина,todo,,,,,,,,,
PERS_3c7d41ac,М.С. Фомин,М.С. Фомин,4,https://elibrary.ru/author_items.asp?authorid=&fams=Фомин,todo,,,,,,,,,
PERS_45a76880,Д. А. Кораблин,Д. А. Кораблин,4,https://elibrary.ru/author_items.asp?authorid=&fams=Кораблин,todo,,,,,,,,,
PERS_554c138a,Г. Г. Хмуркин,Г. Г. Хмуркин,4,https://elibrary.ru/author_items.asp?authorid=&fams=Хмуркин,todo,,,,,,,,,
PERS_5e2a5a5c,Столярова Екатерина Владимировна,Столярова Екатерина Владимировна,4,https://elibrary.ru/author_items.asp?authorid=&fams=Столярова,todo,,,,,,,,,
PERS_6e211759,Иванов Владимир Павлович,Иванов Владимир Павлович,4,https://elibrary.ru/author_items.asp?authorid=&fams=Иванов,todo,,,,,,,,,
PERS_7f908d49,Стрельцова Лилия Александровна,Стрельцова Лилия Александровна,4,https://elibrary.ru/author_items.asp?authorid=&fams=Стрельцова,todo,,,,,,,,,
PERS_8108c314,Ерченков Олег Николаевич,Ерченков Олег Николаевич,4,https://elibrary.ru/author_items.asp?authorid=&fams=Ерченков,todo,,,,,,,,,
PERS_db0a826b,И.Н. Комарова,И.Н. Комарова,4,https://elibrary.ru/author_items.asp?authorid=&fams=Комарова,todo,,,,,,,,,
PERS_01aafd44,Сафина Наталья Алексеевна,Сафина Наталья Алексеевна,3,https://elibrary.ru/author_items.asp?authorid=&fams=Сафина,todo,,,,,,,,,
PERS_0fd718a7,К. М. Воздиган,К. М. Воздиган,3,https://elibrary.ru/author_items.asp?authorid=&fams=Воздиган,todo,,,,,,,,,
PERS_28317057,Т. А. Дубянская,Т. А. Дубянская,3,https://elibrary.ru/author_items.asp?authorid=&fams=Дубянская,todo,,,,,,,,,
PERS_3d3b302d,Соболева Дарья Валерьевна,Соболева Диана Владимировна,3,https://elibrary.ru/author_items.asp?authorid=&fams=Соболева,todo,,,,,,,,,
PERS_40375fef,А.К. Васильев,А.К. Васильев,3,https://elibrary.ru/author_items.asp?authorid=&fams=Васильев,todo,,,,,,,,,
PERS_4fff9d16,Минаева Маргарита Денисовна,Минаева Мария Дмитриевна,3,https://elibrary.ru/author_items.asp?authorid=&fams=Минаева,todo,,,,,,,,,
PERS_6441d568,Соболева Елена Станиславовна,Соболева Елена Станиславовна,3,https://elibrary.ru/author_items.asp?authorid=&fams=Соболева,todo,,,,,,,,,
PERS_69750b7c,В. Н. Мазурина,В. Н. Мазурина,3,https://elibrary.ru/author_items.asp?authorid=&fams=Мазурина,todo,,,,,,,,,
PERS_8df3730a,Донченко Сергей Сергеевич,Донченко Сергей Сергеевич,3,https://elibrary.ru/author_items.asp?authorid=&fams=Донченко,todo,,,,,,,,,
PERS_aebd34a2,А. И. Коган,А. И. Коган,3,https://elibrary.ru/author_items.asp?authorid=&fams=Коган,todo,,,,,,,,,
PERS_b2c121e9,Е. Н. Успенская,Е. Н. Успенская,3,https://elibrary.ru/author_items.asp?authorid=&fams=Успенская,todo,,,,,,,,,
PERS_b881461b,Яковлева Мария Николаевна,Яковлева Мария Николаевна,3,https://elibrary.ru/author_items.asp?authorid=&fams=Яковлева,todo,,,,,,,,,
PERS_ba81468a,Ю. Г. Кокова,Ю. Г. Кокова,3,https://elibrary.ru/author_items.asp?authorid=&fams=Кокова,todo,,,,,,,,,
PERS_bcaec2d8,Дружинин Владимир Юрьевич,Дружинин Владимир Юрьевич,3,https://elibrary.ru/author_items.asp?authorid=&fams=Дружинин,todo,,,,,,,,,
PERS_cb52ebc2,Лемешкина Ксения Вячеславовна,Лемешкина Ксения Вячеславовна,3,https://elibrary.ru/author_items.asp?authorid=&fams=Лемешкина,todo,,,,,,,,,
PERS_ced3d7b4,Молина Анна Вениаминовна,Молина Анна Валерьевна,3,https://elibrary.ru/author_items.asp?authorid=&fams=Молина,todo,,,,,,,,,
PERS_d218805b,В. Ю. Крюкова,В. Ю. Крюкова,3,https://elibrary.ru/author_items.asp?authorid=&fams=Крюкова,todo,,,,,,,,,
PERS_f56c5a7e,Жукова Любовь Евгеньевна,Жукова Любовь Евгеньевна,3,https://elibrary.ru/author_items.asp?authorid=&fams=Жукова,todo,,,,,,,,,
PERS_f940c5b3,Г. В. Стрелкова,Г. В. Стрелкова,3,https://elibrary.ru/author_items.asp?authorid=&fams=Стрелкова,todo,,,,,,,,,
PERS_0a2e5f24,В.В. Тишин,Тишин Владимир Владимирович,2,https://elibrary.ru/author_items.asp?authorid=&fams=Тишин,todo,,,,,,,,,
PERS_18fcab2a,Блиндерман Радха Тимуровна,Блиндерман Радха Тимуровна,2,https://elibrary.ru/author_items.asp?authorid=&fams=Блиндерман,todo,,,,,,,,,
PERS_2c40b9b1,Н. В. Гуров,Гуров Никита Владимирович,2,https://elibrary.ru/author_items.asp?authorid=&fams=Гуров,todo,,,,,,,,,
PERS_3074a8e5,Терентьев Андрей Анатольевич,Терентьев Андрей Анатольевич,2,https://elibrary.ru/author_items.asp?authorid=&fams=Терентьев,todo,,,,,,,,,
PERS_310b2911,Толчельников Иван Евгеньевич,Толчельников Иван Евгеньевич,2,https://elibrary.ru/author_items.asp?authorid=&fams=Толчельников,todo,,,,,,,,,
PERS_35c57654,Егорова Мария Александровна,Егорова Мария Александровна,2,https://elibrary.ru/author_items.asp?authorid=&fams=Егорова,todo,,,,,,,,,
PERS_37d557c2,Анисимова Дарья Дмитриевна,Анисимова Дарья Дмитриевна,2,https://elibrary.ru/author_items.asp?authorid=&fams=Анисимова,todo,,,,,,,,,
PERS_50c46233,Маретина Ксения Александровна,Маретина Ксения Александровна,2,https://elibrary.ru/author_items.asp?authorid=&fams=Маретина,todo,,,,,,,,,
PERS_52d3f72c,М.Б. Мейтарчиян,Мейтарчиян Маргарита Борисовна,2,https://elibrary.ru/author_items.asp?authorid=&fams=Мейтарчиян,todo,,,,,,,,,
PERS_587b08ec,М.В. Леонов,Леонов Михаил Васильевич,2,https://elibrary.ru/author_items.asp?authorid=&fams=Леонов,todo,,,,,,,,,
PERS_5f6fa17b,А. М. Пахомова,Пахомова Александра Михайловна,2,https://elibrary.ru/author_items.asp?authorid=&fams=Пахомова,todo,,,,,,,,,
PERS_6ae5c779,Фивейская А. В.,Фивейская Анастасия Васильевна,2,https://elibrary.ru/author_items.asp?authorid=&fams=Фивейская,todo,,,,,,,,,
PERS_7da0afff,К.А. Демичев,Демичев Кирилл Андреевич,2,https://elibrary.ru/author_items.asp?authorid=&fams=Демичев,todo,,,,,,,,,
PERS_8df81b6d,Лужинская Полина Александровна,Лужинская Полина Александровна,2,https://elibrary.ru/author_items.asp?authorid=&fams=Лужинская,todo,,,,,,,,,
PERS_9e9c9566,Лекарева Ева Павловна,Лекарева Ева Павловна,2,https://elibrary.ru/author_items.asp?authorid=&fams=Лекарева,todo,,,,,,,,,
PERS_b62a9567,А. Ю. Курочкин,Курочкин Александр Юрьевич,2,https://elibrary.ru/author_items.asp?authorid=&fams=Курочкин,todo,,,,,,,,,
PERS_b76851a7,Митруев Б. Л.,Митруев Бембя Леонидович,2,https://elibrary.ru/author_items.asp?authorid=&fams=Митруев,todo,,,,,,,,,
PERS_bf91d4b8,Ю. А. Уймина,Уймина Юлия Александровна,2,https://elibrary.ru/author_items.asp?authorid=&fams=Уймина,todo,,,,,,,,,
PERS_c31236d2,Ю. Е. Березкин,Березкин Юрий Евгеньевич,2,https://elibrary.ru/author_items.asp?authorid=&fams=Березкин,todo,,,,,,,,,
PERS_cca8f93d,В.М. Немчинов,Немчинов Виктор Михайлович,2,https://elibrary.ru/author_items.asp?authorid=&fams=Немчинов,todo,,,,,,,,,
PERS_cdbd7a15,C. В. Кулланда,Кулланда Сергей Всеволодович,2,https://elibrary.ru/author_items.asp?authorid=&fams=Кулланда,todo,,,,,,,,,
PERS_d4c2cc5e,Т.В. Лучина,Т.В. Лучина,2,https://elibrary.ru/author_items.asp?authorid=&fams=Лучина,todo,,,,,,,,,
PERS_e5a5ac24,С. Л. Невелева,Невелева Светлана Леонидовна,2,https://elibrary.ru/author_items.asp?authorid=&fams=Невелева,todo,,,,,,,,,
PERS_00c3b0cc,М.Б. Щербак,М.Б. Щербак,1,https://elibrary.ru/author_items.asp?authorid=&fams=Щербак,todo,,,,,,,,,
PERS_04c4d444,Е.С. Юдицкая,Е.С. Юдицкая,1,https://elibrary.ru/author_items.asp?authorid=&fams=Юдицкая,todo,,,,,,,,,
PERS_05707a8e,М.Б.Загорулько,М.Б.Загорулько,1,https://elibrary.ru/author_items.asp?authorid=&fams=М.Б.Загорулько,todo,,,,,,,,,
PERS_07adc1e6,Лейтан Эдгар Зигфридович,Лейтан Эдгар Зигфридович,1,https://elibrary.ru/author_items.asp?authorid=&fams=Лейтан,todo,,,,,,,,,
PERS_10547db9,Б. И. Загуменнов,Б. И. Загуменнов,1,https://elibrary.ru/author_items.asp?authorid=&fams=Загуменнов,todo,,,,,,,,,
PERS_1130c736,Серебряный Сергей Дмитриевич,Серебряный Сергей Дмитриевич,1,https://elibrary.ru/author_items.asp?authorid=&fams=Серебряный,todo,,,,,,,,,
PERS_142b5c2b,Д. Н. Парамонов,Д. Н. Парамонов,1,https://elibrary.ru/author_items.asp?authorid=&fams=Парамонов,todo,,,,,,,,,
PERS_147ab928,К.Д. Никольская,К.Д. Никольская,1,https://elibrary.ru/author_items.asp?authorid=&fams=Никольская,todo,,,,,,,,,
PERS_168a3a8b,Усенко Иван Сергеевич,Усенко Иван Сергеевич,1,https://elibrary.ru/author_items.asp?authorid=&fams=Усенко,todo,,,,,,,,,
PERS_180c5e5c,А. В. Арапов,А. В. Арапов,1,https://elibrary.ru/author_items.asp?authorid=&fams=Арапов,todo,,,,,,,,,
PERS_2011b78d,А.В. Бондарев,А.В. Бондарев,1,https://elibrary.ru/author_items.asp?authorid=&fams=Бондарев,todo,,,,,,,,,
PERS_2095dc59,Е.Г. Шалахов,Е.Г. Шалахов,1,https://elibrary.ru/author_items.asp?authorid=&fams=Шалахов,todo,,,,,,,,,
PERS_23abae7d,Пушкарева Юлия Георгиевна,Пушкарева Юлия Георгиевна,1,https://elibrary.ru/author_items.asp?authorid=&fams=Пушкарева,todo,,,,,,,,,
PERS_23f54085,Э. И. Введенская,Э. И. Введенская,1,https://elibrary.ru/author_items.asp?authorid=&fams=Введенская,todo,,,,,,,,,
PERS_26c3214a,Christian Lindtner,Christian Lindtner,1,https://elibrary.ru/author_items.asp?authorid=&fams=Christian,todo,,,,,,,,,
PERS_26ce5ec1,Нина Будзишевска,Нина Будзишевска,1,https://elibrary.ru/author_items.asp?authorid=&fams=Нина,todo,,,,,,,,,
PERS_29607432,Лапшин Иван Евгеньевич,Лапшин Иван Евгеньевич,1,https://elibrary.ru/author_items.asp?authorid=&fams=Лапшин,todo,,,,,,,,,
PERS_2b7ca933,Е. В. Танонова,Е. В. Танонова,1,https://elibrary.ru/author_items.asp?authorid=&fams=Танонова,todo,,,,,,,,,
PERS_2c9b38ec,С. В. Ватман,С. В. Ватман,1,https://elibrary.ru/author_items.asp?authorid=&fams=Ватман,todo,,,,,,,,,
PERS_2e00cb36,О. Н. Меренкова,О. Н. Меренкова,1,https://elibrary.ru/author_items.asp?authorid=&fams=Меренкова,todo,,,,,,,,,
PERS_2e2b9553,Д.Д. Наймушина,Д.Д. Наймушина,1,https://elibrary.ru/author_items.asp?authorid=&fams=Наймушина,todo,,,,,,,,,
PERS_30b54681,Е. С. Бушуев,Е. С. Бушуев,1,https://elibrary.ru/author_items.asp?authorid=&fams=Бушуев,todo,,,,,,,,,
PERS_3195408b,Д.Н. Ратушный,Д.Н. Ратушный,1,https://elibrary.ru/author_items.asp?authorid=&fams=Ратушный,todo,,,,,,,,,
PERS_34c0d384,М. Б. Павлова,М. Б. Павлова,1,https://elibrary.ru/author_items.asp?authorid=&fams=Павлова,todo,,,,,,,,,
PERS_35a30342,И. О. Негреев,И. О. Негреев,1,https://elibrary.ru/author_items.asp?authorid=&fams=Негреев,todo,,,,,,,,,
PERS_35ac9c82,Б. В. Загуменнов,Б. В. Загуменнов,1,https://elibrary.ru/author_items.asp?authorid=&fams=Загуменнов,todo,,,,,,,,,
PERS_37bb2d43,Покатилов Сергей Андреевич,Покатилов Сергей Андреевич,1,https://elibrary.ru/author_items.asp?authorid=&fams=Покатилов,todo,,,,,,,,,
PERS_38c5f03f,Н.А. Железнова,Железнова Наталья Анатольевна,1,https://elibrary.ru/author_items.asp?authorid=&fams=Железнова,todo,,,,,,,,,
PERS_3d22e8d4,А. М. Стрелков,А. М. Стрелков,1,https://elibrary.ru/author_items.asp?authorid=&fams=Стрелков,todo,,,,,,,,,
PERS_3d4df70f,Е. О. Акимушкина,Е. О. Акимушкина,1,https://elibrary.ru/author_items.asp?authorid=&fams=Акимушкина,todo,,,,,,,,,
PERS_3e38ff72,Д.А. Рожнова,Д.А. Рожнова,1,https://elibrary.ru/author_items.asp?authorid=&fams=Рожнова,todo,,,,,,,,,
PERS_3fd690ee,Е. Л. Комиссарук,Е. Л. Комиссарук,1,https://elibrary.ru/author_items.asp?authorid=&fams=Комиссарук,todo,,,,,,,,,
PERS_40f75cf9,Л.Г. Роман,Л.Г. Роман,1,https://elibrary.ru/author_items.asp?authorid=&fams=Роман,todo,,,,,,,,,
PERS_42da4866,Г. Д. Стукалин,Г. Д. Стукалин,1,https://elibrary.ru/author_items.asp?authorid=&fams=Стукалин,todo,,,,,,,,,
PERS_44440578,Грановская Хелена,Грановская Хелена,1,https://elibrary.ru/author_items.asp?authorid=&fams=Грановская,todo,,,,,,,,,
PERS_467d4dbb,Клебанов А. А.,Клебанов Андрей Александрович,1,https://elibrary.ru/author_items.asp?authorid=&fams=Клебанов,todo,,,,,,,,,
PERS_47ad46f1,М. А. Родионов,М. А. Родионов,1,https://elibrary.ru/author_items.asp?authorid=&fams=Родионов,todo,,,,,,,,,
PERS_4a0de87e,Белимова Влада Сергеевна,Белимова Влада Сергеевна,1,https://elibrary.ru/author_items.asp?authorid=&fams=Белимова,todo,,,,,,,,,
PERS_4ebb20aa,С. В. Кардинская,С. В. Кардинская,1,https://elibrary.ru/author_items.asp?authorid=&fams=Кардинская,todo,,,,,,,,,
PERS_51524b11,Гладкова Анна Геннадьевна,Гладкова Анна Геннадьевна,1,https://elibrary.ru/author_items.asp?authorid=&fams=Гладкова,todo,,,,,,,,,
PERS_51e0a171,А.А. Алешина,Алешина Ирина Евгеньевна,1,https://elibrary.ru/author_items.asp?authorid=&fams=Алешина,todo,,,,,,,,,
PERS_526da44f,Д.С. Шапошникова,Д.С. Шапошникова,1,https://elibrary.ru/author_items.asp?authorid=&fams=Шапошникова,todo,,,,,,,,,
PERS_5331196d,Ковалевская Анна Петровна,Ковалевская Анна Петровна,1,https://elibrary.ru/author_items.asp?authorid=&fams=Ковалевская,todo,,,,,,,,,
PERS_58e18506,Соколова Ирина Александровна,Соколова Ирина Александровна,1,https://elibrary.ru/author_items.asp?authorid=&fams=Соколова,todo,,,,,,,,,
PERS_5bbfea37,Т. Т. Скороходова,Т. Т. Скороходова,1,https://elibrary.ru/author_items.asp?authorid=&fams=Скороходова,todo,,,,,,,,,
PERS_5f6689e8,Дмитриева Виктория Алексеевна,Дмитриева Виктория Алексеевна,1,https://elibrary.ru/author_items.asp?authorid=&fams=Дмитриева,todo,,,,,,,,,
PERS_61de659d,Белов Владимир Николаевич,Белов Владимир Николаевич,1,https://elibrary.ru/author_items.asp?authorid=&fams=Белов,todo,,,,,,,,,
PERS_68270eaf,Э.В. Галимова,Э.В. Галимова,1,https://elibrary.ru/author_items.asp?authorid=&fams=Галимова,todo,,,,,,,,,
PERS_68e9019d,Малютин Иван Иванович,Малютин Иван Иванович,1,https://elibrary.ru/author_items.asp?authorid=&fams=Малютин,todo,,,,,,,,,
PERS_6a165aa7,К.В. Хазизова,К.В. Хазизова,1,https://elibrary.ru/author_items.asp?authorid=&fams=Хазизова,todo,,,,,,,,,
PERS_6b867946,Е. В. Смирнова,Е. В. Смирнова,1,https://elibrary.ru/author_items.asp?authorid=&fams=Смирнова,todo,,,,,,,,,
PERS_6f89f9c1,Е. Р. Крючкова,Е. Р. Крючкова,1,https://elibrary.ru/author_items.asp?authorid=&fams=Крючкова,todo,,,,,,,,,
PERS_7700f517,Д. О. Парамонов,Д. О. Парамонов,1,https://elibrary.ru/author_items.asp?authorid=&fams=Парамонов,todo,,,,,,,,,
PERS_7d6f456c,Мотылёва Вера Леонидовна,Мотылёва Вера Леонидовна,1,https://elibrary.ru/author_items.asp?authorid=&fams=Мотылёва,todo,,,,,,,,,
PERS_7efcddc6,Н.А. Брылёва,Н.А. Брылёва,1,https://elibrary.ru/author_items.asp?authorid=&fams=Брылёва,todo,,,,,,,,,
PERS_856eb5c6,Vishnu Shukla,Vishnu Shukla,1,https://elibrary.ru/author_items.asp?authorid=&fams=Vishnu,todo,,,,,,,,,
PERS_874cbfb7,Шарапова А. В.,Шарапова Александра Владимировна,1,https://elibrary.ru/author_items.asp?authorid=&fams=Шарапова,todo,,,,,,,,,
PERS_88e5311f,М.В. Босхомджиев,М.В. Босхомджиев,1,https://elibrary.ru/author_items.asp?authorid=&fams=Босхомджиев,todo,,,,,,,,,
PERS_900efc73,Зевацкий Тимофей Юрьевич,Зевацкий Тимофей Юрьевич,1,https://elibrary.ru/author_items.asp?authorid=&fams=Зевацкий,todo,,,,,,,,,
PERS_92f41884,Касым Софья Васильевна,Касым Софья Васильевна,1,https://elibrary.ru/author_items.asp?authorid=&fams=Касым,todo,,,,,,,,,
PERS_9366fe2c,Крыштоп Людмила Эдуардовна,Крыштоп Людмила Эдуардовна,1,https://elibrary.ru/author_items.asp?authorid=&fams=Крыштоп,todo,,,,,,,,,
PERS_936e1165,Файбушевич Светлана Ивановна,Файбушевич Светлана Ивановна,1,https://elibrary.ru/author_items.asp?authorid=&fams=Файбушевич,todo,,,,,,,,,
PERS_94aa5d0a,Г.И. Чернавин,Г.И. Чернавин,1,https://elibrary.ru/author_items.asp?authorid=&fams=Чернавин,todo,,,,,,,,,
PERS_94f33410,Застрожнова Евгения Григорьевна,Застрожнова Евгения Григорьевна,1,https://elibrary.ru/author_items.asp?authorid=&fams=Застрожнова,todo,,,,,,,,,
PERS_96b8b195,М. Н. Боголюбов,М. Н. Боголюбов,1,https://elibrary.ru/author_items.asp?authorid=&fams=Боголюбов,todo,,,,,,,,,
PERS_9bf51055,В. М. Шелкович,В. М. Шелкович,1,https://elibrary.ru/author_items.asp?authorid=&fams=Шелкович,todo,,,,,,,,,
PERS_9ddf9210,С.П. Нестеркин,С.П. Нестеркин,1,https://elibrary.ru/author_items.asp?authorid=&fams=Нестеркин,todo,,,,,,,,,
PERS_a0f3d86d,Сергеева Варвара Алексеевна,Сергеева Варвара Алексеевна,1,https://elibrary.ru/author_items.asp?authorid=&fams=Сергеева,todo,,,,,,,,,
PERS_a1484b38,Кавалевская А. П.,Кавалевская А. П.,1,https://elibrary.ru/author_items.asp?authorid=&fams=Кавалевская,todo,,,,,,,,,
PERS_a638a4b3,Федорова Наталья Леонидовна,Федорова Наталья Леонидовна,1,https://elibrary.ru/author_items.asp?authorid=&fams=Федорова,todo,,,,,,,,,
PERS_a8983673,Н.Л. Вигель,Н.Л. Вигель,1,https://elibrary.ru/author_items.asp?authorid=&fams=Вигель,todo,,,,,,,,,
PERS_a901d460,М. А. Фаградян,М. А. Фаградян,1,https://elibrary.ru/author_items.asp?authorid=&fams=Фаградян,todo,,,,,,,,,
PERS_af811d47,Корнеева Татьяна Георгиевна,Корнеева Татьяна Георгиевна,1,https://elibrary.ru/author_items.asp?authorid=&fams=Корнеева,todo,,,,,,,,,
PERS_b024f2dd,М. Н. Русанов,М. Н. Русанов,1,https://elibrary.ru/author_items.asp?authorid=&fams=Русанов,todo,,,,,,,,,
PERS_b5dd77b1,А.В. Мрачковская,А.В. Мрачковская,1,https://elibrary.ru/author_items.asp?authorid=&fams=Мрачковская,todo,,,,,,,,,
PERS_bd77e495,Г.Б. Корнеев,Г.Б. Корнеев,1,https://elibrary.ru/author_items.asp?authorid=&fams=Корнеев,todo,,,,,,,,,
PERS_bdaaf440,Е.В.Слинько,Е.В.Слинько,1,https://elibrary.ru/author_items.asp?authorid=&fams=Е.В.Слинько,todo,,,,,,,,,
PERS_c2ffc606,Драчук Андрей Олегович,Драчук Андрей Олегович,1,https://elibrary.ru/author_items.asp?authorid=&fams=Драчук,todo,,,,,,,,,
PERS_c582889e,И.Б. Иткин,Иткин Илья Борисович,1,https://elibrary.ru/author_items.asp?authorid=&fams=Иткин,todo,,,,,,,,,
PERS_cac87738,Н. В. Гузеватая,Н. В. Гузеватая,1,https://elibrary.ru/author_items.asp?authorid=&fams=Гузеватая,todo,,,,,,,,,
PERS_cb967ae4,Harjender Singh Chaudhary,Harjender Singh Chaudhary,1,https://elibrary.ru/author_items.asp?authorid=&fams=Harjender,todo,,,,,,,,,
PERS_ce100d3f,Мария Шилинскене,Мария Шилинскене,1,https://elibrary.ru/author_items.asp?authorid=&fams=Мария,todo,,,,,,,,,
PERS_d01427ca,Бещук Юлия Владимировна,Бещук Юлия Владимировна,1,https://elibrary.ru/author_items.asp?authorid=&fams=Бещук,todo,,,,,,,,,
PERS_d3cb634e,Ю.С. Атманова,Ю.С. Атманова,1,https://elibrary.ru/author_items.asp?authorid=&fams=Атманова,todo,,,,,,,,,
PERS_de59a2bc,Г.В. Шарыгин,Г.В. Шарыгин,1,https://elibrary.ru/author_items.asp?authorid=&fams=Шарыгин,todo,,,,,,,,,
PERS_dfaf6803,Я.А. Борисов,Я.А. Борисов,1,https://elibrary.ru/author_items.asp?authorid=&fams=Борисов,todo,,,,,,,,,
PERS_e1d622e5,С.Ф. Мажитов,С.Ф. Мажитов,1,https://elibrary.ru/author_items.asp?authorid=&fams=Мажитов,todo,,,,,,,,,
PERS_e30ad8b7,Д.С. Гавриков,Д.С. Гавриков,1,https://elibrary.ru/author_items.asp?authorid=&fams=Гавриков,todo,,,,,,,,,
PERS_e4aab278,Возчиков Дмитрий Викторович,Возчиков Дмитрий Викторович,1,https://elibrary.ru/author_items.asp?authorid=&fams=Возчиков,todo,,,,,,,,,
PERS_e96139bd,Коробов Владимир Борисович,Коробов Владимир Борисович,1,https://elibrary.ru/author_items.asp?authorid=&fams=Коробов,todo,,,,,,,,,
PERS_ecdfe667,Е.О. Новосёлова,Е.О. Новосёлова,1,https://elibrary.ru/author_items.asp?authorid=&fams=Новосёлова,todo,,,,,,,,,
PERS_ed83f502,Т.П. Селиванова,Т.П. Селиванова,1,https://elibrary.ru/author_items.asp?authorid=&fams=Селиванова,todo,,,,,,,,,
PERS_ee3448c3,В.В. Деменова,В.В. Деменова,1,https://elibrary.ru/author_items.asp?authorid=&fams=Деменова,todo,,,,,,,,,
PERS_f1a308b7,Абинякин Владимир Александрович,Абинякин Владимир Александрович,1,https://elibrary.ru/author_items.asp?authorid=&fams=Абинякин,todo,,,,,,,,,
PERS_f1f2471d,М.М. Игнатова,М.М. Игнатова,1,https://elibrary.ru/author_items.asp?authorid=&fams=Игнатова,todo,,,,,,,,,
PERS_f5a69b65,Кройцер Светлана Александровна,Кройцер Светлана Александровна,1,https://elibrary.ru/author_items.asp?authorid=&fams=Кройцер,todo,,,,,,,,,
PERS_f619aeed,А.Д. Цендина,А.Д. Цендина,1,https://elibrary.ru/author_items.asp?authorid=&fams=Цендина,todo,,,,,,,,,
PERS_f82b6a8e,Сенина Наталья Викторовна,Сенина Наталья Викторовна,1,https://elibrary.ru/author_items.asp?authorid=&fams=Сенина,todo,,,,,,,,,
PERS_fb73fb38,Кешарпу Екатерина Витальевна,Кешарпу Екатерина Витальевна,1,https://elibrary.ru/author_items.asp?authorid=&fams=Кешарпу,todo,,,,,,,,,
PERS_fc976255,Э.Н. Комаров,Э.Н. Комаров,1,https://elibrary.ru/author_items.asp?authorid=&fams=Комаров,todo,,,,,,,,,
PERS_fe03c926,И.А. Карышева,И.А. Карышева,1,https://elibrary.ru/author_items.asp?authorid=&fams=Карышева,todo,,,,,,,,,
