video_id,video_url,video_title,year,title_hint,speaker_hint,similarity,status,presentation_id_snapshot
v7lYYYV4VKo,https://www.youtube.com/watch?v=v7lYYYV4VKo,Private video,2023,,(auto-skipped: private),0.0,skip,
GnlEx7DLpHk,https://www.youtube.com/watch?v=GnlEx7DLpHk,Private video,2023,,(auto-skipped: private),0.0,skip,
subBu85HvxM,https://www.youtube.com/watch?v=subBu85HvxM,Deleted video,2025,,(auto-skipped: deleted),0.0,skip,
bpiYDgcqS6g,https://www.youtube.com/watch?v=bpiYDgcqS6g,Deleted video,2025,,(auto-skipped: deleted),0.0,skip,
MQtrDaHBQ4c,https://www.youtube.com/watch?v=MQtrDaHBQ4c,"XLIV Зографские чтения, 23.05.2023, Демченко  Максим  Борисович  (Москва).",,,(auto-skipped: session_recording),0.0,skip,
X1ZWDWAKLIw,https://www.youtube.com/watch?v=X1ZWDWAKLIw,"XLIV Зографские чтения, 23.05.2023, Лейтан Эдгар  Зигфридович  (Вена).",,,(auto-skipped: session_recording),0.0,skip,
3hq15luxhKk,https://www.youtube.com/watch?v=3hq15luxhKk,"XLIV Зографские чтения, 23.05.2023, 16.30 – 18.00",,,(auto-skipped: session_recording),0.0,skip,
vIQ_-uAmIGg,https://www.youtube.com/watch?v=vIQ_-uAmIGg,"XLIV Зографские чтения, 24.05.2023, 11.30 – 15.00",,,(auto-skipped: session_recording),0.0,skip,
AF6_VJh5erU,https://www.youtube.com/watch?v=AF6_VJh5erU,"XLIV Зографские чтения, 24.05.2023, Скороходова Татьяна Григорьевна (Пенза)",,,(auto-skipped: session_recording),0.0,skip,
xP0rwyZjkek,https://www.youtube.com/watch?v=xP0rwyZjkek,"XLIV Зографские чтения, 24.05.2023, Малютин Иван Иванович (Санкт-Петербург).",,,(auto-skipped: session_recording),0.0,skip,
j1jbDMCRK5I,https://www.youtube.com/watch?v=j1jbDMCRK5I,"XLIV Зографские чтения, 24.05.2023, Лекарева  Ева  Павловна  (Санкт-Петербург).",,,(auto-skipped: session_recording),0.0,skip,
BwRm1sFPofQ,https://www.youtube.com/watch?v=BwRm1sFPofQ,"XLIV Зографские чтения, 25.05.2023, 11.00 – 13.00",,,(auto-skipped: session_recording),0.0,skip,
yaDLFU1Bh5k,https://www.youtube.com/watch?v=yaDLFU1Bh5k,"XLIV Зографские чтения, 25.05.2023, 14.00 – 17.15",,,(auto-skipped: session_recording),0.0,skip,
1Jl4JItHMH0,https://www.youtube.com/watch?v=1Jl4JItHMH0,"XLIV Зографские чтения, 26.05.2023, 11:00-14.00",,,(auto-skipped: session_recording),0.0,skip,
sZWe9RmAiLU,https://www.youtube.com/watch?v=sZWe9RmAiLU,"XLIV Зографские чтения, 26.05.2023, 15:00-18.00",,,(auto-skipped: session_recording),0.0,skip,
PXk9JZF5EdA,https://www.youtube.com/watch?v=PXk9JZF5EdA,"XLI Зографские чтения (13 мая 2020 г.), ч. 2",2022,«Барахмах»,Котин Игорь Юрьевич,0.286,needs_review,PRES_341f1fb0
-TWByfAUjZI,https://www.youtube.com/watch?v=-TWByfAUjZI,"XLI Зографские чтения (13 мая 2020 г.), ч. 1",2022,«Барахмах»,Котин Игорь Юрьевич,0.286,needs_review,PRES_341f1fb0
MEehOskuV8M,https://www.youtube.com/watch?v=MEehOskuV8M,XLI Зографские чтения (12 мая 2020 г.),2022,,Л.Г. Роман,0.308,needs_review,PRES_4c268d58
5-icaeTCSnw,https://www.youtube.com/watch?v=5-icaeTCSnw,XLI Зографские чтения (14 мая 2020 г.),2022,,Л.Г. Роман,0.308,needs_review,PRES_4c268d58
dURX8wgHSbE,https://www.youtube.com/watch?v=dURX8wgHSbE,XLI Зографские чтения (15 мая 2020 г.),2022,,Л.Г. Роман,0.308,needs_review,PRES_4c268d58
TewlV-eXvTY,https://www.youtube.com/watch?v=TewlV-eXvTY,Корнеева Н.А. (Москва) Мадхупарка при жертвоприношениях сомы в ритуале Атитхьешти (ātithyeṣṭi).,2018,Два новых сборника «индийских текстов» Далджита Награ,Котин Игорь Юрьевич,0.362,needs_review,PRES_25cad648
2migXKaeofg,https://www.youtube.com/watch?v=2migXKaeofg,"XLV ЗОГРАФСКИЕ ЧТЕНИЯ, 17 мая 2024 г. Часть 2",2014,И. П. Минаев как собиратель рукописей,Ермакова Татьяна Викторовна,0.364,needs_review,PRES_10ad5494
vaPIpO-E6o0,https://www.youtube.com/watch?v=vaPIpO-E6o0,"XLV ЗОГРАФСКИЕ ЧТЕНИЯ, 17 мая 2024 г. Часть 1",2014,И. П. Минаев как собиратель рукописей,Ермакова Татьяна Викторовна,0.364,needs_review,PRES_10ad5494
U2MCvDyccVU,https://www.youtube.com/watch?v=U2MCvDyccVU,"XLV ЗОГРАФСКИЕ ЧТЕНИЯ, 16 мая 2024 г. Часть 3",2014,И. П. Минаев как собиратель рукописей,Ермакова Татьяна Викторовна,0.364,needs_review,PRES_10ad5494
ROZ7hZT1Y7Y,https://www.youtube.com/watch?v=ROZ7hZT1Y7Y,"XLV ЗОГРАФСКИЕ ЧТЕНИЯ, 16 мая 2024 г. Часть 2",2014,И. П. Минаев как собиратель рукописей,Ермакова Татьяна Викторовна,0.364,needs_review,PRES_10ad5494
88vk9fmRm98,https://www.youtube.com/watch?v=88vk9fmRm98,"XLV ЗОГРАФСКИЕ ЧТЕНИЯ, 16 мая 2024 г. Часть 1",2014,И. П. Минаев как собиратель рукописей,Ермакова Татьяна Викторовна,0.364,needs_review,PRES_10ad5494
jtqPBJS3dSA,https://www.youtube.com/watch?v=jtqPBJS3dSA,"XLV ЗОГРАФСКИЕ ЧТЕНИЯ, 14 мая 2024 г., часть 2",2014,И. П. Минаев как собиратель рукописей,Ермакова Татьяна Викторовна,0.364,needs_review,PRES_10ad5494
p1TznVqkI9g,https://www.youtube.com/watch?v=p1TznVqkI9g,"XLV ЗОГРАФСКИЕ ЧТЕНИЯ, 14 мая 2024 г., часть 1",2014,И. П. Минаев как собиратель рукописей,Ермакова Татьяна Викторовна,0.364,needs_review,PRES_10ad5494
5kfhxcnZuOw,https://www.youtube.com/watch?v=5kfhxcnZuOw,"Краснодембская Н.Г., Соболева Е.С. (СПб) Российская экспедиция в Ассам 1911-1912 гг.",2022,"""Нисхождение",Соболева Дарья Валерьевна,0.365,needs_review,PRES_35fb84cb
kzpBt6X4VnU,https://www.youtube.com/watch?v=kzpBt6X4VnU,Толчельников И.Е.  Стадии пути к освобождению по «Найшкармья-сиддхи» (I.52) Сурешвары.,2007,Язык как источник аргументации (на примере рассуждений о самбандхе),Десницкая Евгения Алексеевна,0.375,needs_review,PRES_e54d9f46
th08QMEzarQ,https://www.youtube.com/watch?v=th08QMEzarQ,Челнокова А.В. (СПб) «Город победы» Рушди —  ответ «Рамаяне» самого скандального автора 20 столетия.,2019,"Отношение к женщине в эпосе (на примере «Рамаяны» Вальмики, «Адбхута Рамаяны» и «Адхьятма Рамаяны»)",Сабирова Римма Наилевна,0.38,needs_review,PRES_a1a3356a
PWhKoPbPORg,https://www.youtube.com/watch?v=PWhKoPbPORg,"Рыжакова  С.И. (Москва) Бхеру-джи и мать Кали в деревенском Раджастхане: мифы, культ, фольклор.",2020,Так называемый парадокс беллетристики и подсказки от компаративной онтологии,Шохин Владимир Кириллович,0.38,needs_review,PRES_e20c11de
o9uqq5CohPo,https://www.youtube.com/watch?v=o9uqq5CohPo,"XLV ЗОГРАФСКИЕ ЧТЕНИЯ, 15 мая 2024 г.",2022,,Л.Г. Роман,0.381,needs_review,PRES_4c268d58
jkT7qLSP_mU,https://www.youtube.com/watch?v=jkT7qLSP_mU,Гасунс М.Ю. Переписка О.Н. Бетлингка по поводу Петербургских словарей и судьба лексикографа.,2018,Тамильская пьеса о Карне,Дубянский Александр Михайлович,0.389,needs_review,PRES_028bfad5
jN8_si8kt4Q,https://www.youtube.com/watch?v=jN8_si8kt4Q,Десницкая Е. А. (Санкт-Петербург) Был ли Бхартрихари сторонником шабда-адвайты?,2007,Некоторые проблемы становления вишишта-адвайты,Псху Рузана Владимировна,0.4,needs_review,PRES_b3ec3e88
SRMVcuGpuM8,https://www.youtube.com/watch?v=SRMVcuGpuM8,Альбедиль М.Ф. (СПб) Непальский монастырь Копан: встреча Востока и Запада,2014,Концепция «марьяда» в непальских надписях,Д. Н. Лелюхин,0.4,needs_review,PRES_5de357a1
NmFjM156E1Q,https://www.youtube.com/watch?v=NmFjM156E1Q,"Институт Восточных Рукописей РАН. 1-ый день, 10:30 — 14:00 (XL Зографские чтения)",2012,Живая традиция ритуальных росписей Питхоро в Гуджарате: полевые данные 2012 г,К. М. Воздиган,0.406,needs_review,PRES_8818ef74
Ze3Z1PSGxTc,https://www.youtube.com/watch?v=Ze3Z1PSGxTc,Молина А.В. (Москва) «Тень» Ситы и «призрак» Елены: две истории о похищенных жёнах.,2004,Сюжет «Повести о Насикете» Садала Мишры в контексте истории прозы хинди,Т. А. Дубянская,0.406,needs_review,PRES_76bf1972
yCP1l3cBmLM,https://www.youtube.com/watch?v=yCP1l3cBmLM,Степин А. А. (Санкт-Петербург) Онтология и сотериология «Ананда-сутр» П.Р. Саркара.,2004,Проблема интерпретации специальной санскритской терминологии: термин адхьякша в индийской традиции,Д. Н. Лелюхин,0.407,needs_review,PRES_300e8d0c
GTJn31yJp9Q,https://www.youtube.com/watch?v=GTJn31yJp9Q,Игнатьев А. А. (Калининград) Обряд панчамакара в каулических тантрах.,2019,Понятие блаженства (ананды) в индуистском тантризме,Пахомов Сергей Владимирович,0.407,needs_review,PRES_6446d886
wTKGBq-Kd0k,https://www.youtube.com/watch?v=wTKGBq-Kd0k,Бабин А.Н. (Москва) В.В. Верещагин и И.П. Минаев: русские путешественники в Гималаях.,2020,Тханки в собрании И. П. Минаева (МАЭ РАН),Бабин Александр Николаевич,0.408,needs_review,PRES_35c33b02
LyBXlD_tbw0,https://www.youtube.com/watch?v=LyBXlD_tbw0,Инклюзивная беседа на XLI Зографских чтениях,2014,Концепция «марьяда» в непальских надписях,Д. Н. Лелюхин,0.41,needs_review,PRES_5de357a1
FDFwugkv3yM,https://www.youtube.com/watch?v=FDFwugkv3yM,"О.Н. Ерченков (Ленинградская обл.). ""Унмада нирукта"". ""Безумная этимология"" (XL Зографские чтения)",2022,,Ерченков Олег Николаевич,0.413,needs_review,PRES_143d8ffc
R7-CyowY1o0,https://www.youtube.com/watch?v=R7-CyowY1o0,Стрелкова Г.В.  (Москва) Рассказы для детей об аватарах Вишну.,2011,Интерпретация учения об аватарах Вишну в «Девибхагавата-пуране»,Игнатьев Андрей Александрович,0.424,needs_review,PRES_aa97acbf
bqtOFPpgSG0,https://www.youtube.com/watch?v=bqtOFPpgSG0,Оранская  Т.И. (СПб) Несколько этимологий арготических слов среднеазиатских цыган.,2021,Интерпретация канонической типологии архатов в буддийских экзегетических источниках,Островская Елена Петровна,0.425,needs_review,PRES_20a4a4d2
PTR9EqukOVU,https://www.youtube.com/watch?v=PTR9EqukOVU,Васильков Я.В. (СПб) Гадание о суженом по зеркалу в «Махабхарате» индоиранский и индоевропейский фон,2018,Культ Рудры-Кхандобы в исследованиях Г. Д. Зонтхаймера  и его индоевропейские параллели,И. О. Негреев,0.425,needs_review,PRES_3958a5e8
oMObNcmRYRk,https://www.youtube.com/watch?v=oMObNcmRYRk,Скороходова Т.Г. (Пенза) Воссоздавая историю древней Индии.,2026,,Соболева Елена Станиславовна / Котин Игорь Юрьевич,0.427,needs_review,PRES_b7ca90e6
zePcdpMnWIs,https://www.youtube.com/watch?v=zePcdpMnWIs,Дубянская Т.А. (Москва) Литература хинди как предмет школьной программы в Индии.,2011,Санскритизация и философские проблемы языковой политики,Д. Н. Парамонов,0.427,needs_review,PRES_1bb4e7fc
xVC-yyyGzm4,https://www.youtube.com/watch?v=xVC-yyyGzm4,Рыбакова А.Г. (Москва – Патмос) Ритуальные предметы и украшения.,2012,Дхарма и буддология. Актуальные проблемы,Б. И. Загуменнов,0.429,needs_review,PRES_8bc01749
a-a-KrtWrfY,https://www.youtube.com/watch?v=a-a-KrtWrfY,Покатилов С. А. (Санкт-Петербург) Преображение богини Кали: точка зрения «Маханирвана-тантры».,2021,Высмеивание пороков врачей в санскритской литературе (на примере «Кали-видамбханам» Нилакантхи Дикшиты)*,Дружинин Владимир Юрьевич,0.432,needs_review,PRES_6078316d
MVkoK3aVsBc,https://www.youtube.com/watch?v=MVkoK3aVsBc,Бурмистров С.Л. (Санкт-Петербург) Обоснование невозможности чувственного познания в «Прасаннападе»,2006,Бхартрихари и Дхармакирти о возможности рефлексивного акта познания,Десницкая Евгения Алексеевна,0.434,needs_review,PRES_1dd8dd91
F9zT5x7GyOw,https://www.youtube.com/watch?v=F9zT5x7GyOw,Лужинская П. (СПб) Сравнительный анализ космологических представлений.,2018,Сравнительный анализ образов сакрального в тамильских храмовых мифах и в сказах П. П. Бажова,П. В. Хрущева,0.436,needs_review,PRES_da30726f
Uv3TH3B8SXQ,https://www.youtube.com/watch?v=Uv3TH3B8SXQ,Столярова Е.В. (СПб) Пенпавакутху: новая форма театра плоских фигур Кералы.,2014,Гимн-падигам как основная форма поэзии тамильских шиваитов,М. Б. Павлова,0.438,needs_review,PRES_435f9ea9
ITyOvXe4A18,https://www.youtube.com/watch?v=ITyOvXe4A18,Демченко М. Б. (Москва) 'Айодхья Махатмья'...,2026,Можно ли считать мадхьямаку,Усенко Иван Сергеевич,0.444,needs_review,PRES_d7591363
u88egVZAsuA,https://www.youtube.com/watch?v=u88egVZAsuA,Фивейская А.В.  (Москва) От эпического предания до буддийского сказания и обратно: история Шьямы.,2014,«Апофатический» подход в буддийской теории восприятия,Лысенко Виктория Георгиевна,0.447,needs_review,PRES_7d404b5b
RGwHo8zGEhk,https://www.youtube.com/watch?v=RGwHo8zGEhk,Комиссаров Д.А. (Москва) Бодхисаттва в образе пишачи.,2026,Вера Александровна Новикова,Лекарева Ева Павловна,0.449,needs_review,PRES_8000a6ac
sau83nBl4X0,https://www.youtube.com/watch?v=sau83nBl4X0,"XLVI ЗОГРАФСКИЕ ЧТЕНИЯ, 20 мая 2025 г. Тавастшерна С. С.  В защиту Вишну Шипивишты",2026,Чему и как учит,Тавастшерна Сергей Сергеевич,0.449,needs_review,PRES_89fe18c8
3Voxwlh2wmY,https://www.youtube.com/watch?v=3Voxwlh2wmY,Крапивина Р.Н. (СПб) Абхисамаяланкара как предмет буддийского образования.,2018,О джатакаставе как разновидности буддийского гимна,Комиссаров Дмитрий Алексеевич,0.45,needs_review,PRES_384d4d90
nRTdxUSsWn4,https://www.youtube.com/watch?v=nRTdxUSsWn4,"Приветственное слово директора ИВР РАН, чл  корр  РАН, д и н  И Ф  Поповой",2013,Представление о Брахмане в ранней вишишта-адвайте,Псху Рузана Владимировна,0.451,needs_review,PRES_14125d72
uCW9Ja43faU,https://www.youtube.com/watch?v=uCW9Ja43faU,Псху Р.В. (Москва) Парадигмальное мышление брахманов.,2006,Тема деревни в «Саттасаи»,М. Н. Русанов,0.452,needs_review,PRES_e577fd53
Sm6OTBnAVl8,https://www.youtube.com/watch?v=Sm6OTBnAVl8,Киняева А.В. (Москва) Женские голоса в каввали: гендер и традиции.,2013,Тамильские женские божества в средневековой литературе,П. В. Хрущева,0.452,needs_review,PRES_2673f3bc
eS5xmuL6hAg,https://www.youtube.com/watch?v=eS5xmuL6hAg,Пахомов С. В. (Санкт-Петербург) Модели интерпретации телесности в хатха-йоге.,2019,Конь без всадника и дерево джамбу: к интерпретации рельефа на восточных воротах Большой Ступы в Санчи,Александрова Наталия Владимировна,0.453,needs_review,PRES_f853e910
S5fGM-NWu7E,https://www.youtube.com/watch?v=S5fGM-NWu7E,"Маретина К.А. (СПб) ""Махабхарата"" как текст культурной памяти.",2006,Завершающие строфы «Махабхараты»: лексика и семантика,С. Л. Невелева,0.453,needs_review,PRES_1474be6d
D9gu2ZXqGYM,https://www.youtube.com/watch?v=D9gu2ZXqGYM,Ермакова Т.В. (СПб) Индийские корреспонденты Е.Е. Обермиллера.,2021,Удвоение знаков в протоиндийской письменности,Коровина Евгения Владимировна,0.455,needs_review,PRES_94148dac
Sj1MT57SGdo,https://www.youtube.com/watch?v=Sj1MT57SGdo,Воробьева Д. Н.  (Мск) Джайнские пещерные храмы Махараштры в контексте развития скальной архитектуры,2025,О понятиях «канон» и «классика» в контексте древнеиндийской литературы,Лидова Наталья Ростиславовна,0.46,needs_review,PRES_302dd754
XU21duRgwNI,https://www.youtube.com/watch?v=XU21duRgwNI,Стрельцова Л.А. (СПб) Локальные варианты Дурга Пуджи в Колкате.,2018,Кумаонский Голудев: локальный вариант индуизма,Альбедиль Маргарита Федоровна,0.462,needs_review,PRES_cf532c35
E632HvWvdfE,https://www.youtube.com/watch?v=E632HvWvdfE,Древнеиндийская ономастика в «Вишнусахасранаме» (24.05.2023),2026,Индийская философия в свете,Белимова Влада Сергеевна,0.462,needs_review,PRES_2f1c150a
rK2qCWpIuE4,https://www.youtube.com/watch?v=rK2qCWpIuE4,Кравцова Е.Р. (Москва) Проблема сознания в философии адвайта-веданты Сурешвары.,2007,Некоторые проблемы становления вишишта-адвайты,Псху Рузана Владимировна,0.463,needs_review,PRES_b3ec3e88
lpqPLS1XOxw,https://www.youtube.com/watch?v=lpqPLS1XOxw,Павлова М. (Москва) Поэтическое представление о духовном и мирском благе в гимнах наянаров.,2025,От демоницы к мстительнице: Переосмысление образа ведьмы в современном индийском кинематографе,Маретина Ксения Александровна,0.467,needs_review,PRES_007e00e3
yS7OrtJ0vEo,https://www.youtube.com/watch?v=yS7OrtJ0vEo,А. Ковалевская (Гамбург). Способы сокрытия мантр в тантрических текстах.,2011,Половозрастная стратификация общества в ведийских текстах,C. В. Кулланда,0.468,needs_review,PRES_13cf7810
328H4jkMwqs,https://www.youtube.com/watch?v=328H4jkMwqs,Калина А.Э. (Москва) Образы тигра и рыбы в бенгальской фразеологии.,2018,Роль мифов о творении мира в индийской философии,Псху Рузана Владимировна,0.468,needs_review,PRES_06abe534
Z8YPjP9XA0w,https://www.youtube.com/watch?v=Z8YPjP9XA0w,Лемешкина К.В. Поведенческие стереотипы сикхов.,2019,Элементы шаманских практик в воинских традициях Индии,А. Ю. Курочкин,0.469,needs_review,PRES_2dab5546
pAQB_pquI-k,https://www.youtube.com/watch?v=pAQB_pquI-k,Приветствие от Генерального консульства Республики Индия,2018,Путешествие И. П. Минаева в Непал: обстоятельства и результаты,Ермакова Татьяна Викторовна,0.47,needs_review,PRES_b1786fc1
Isi08A4An0I,https://www.youtube.com/watch?v=Isi08A4An0I,Лидова Н.Р. (Москва) О терминологии ‘воды’ в космогонических гимнах Ригведы.,2018,Семантика терминологии родства в малых дравидийских языках: когнитивные аспекты,Смирнитская Анна Александровна,0.473,needs_review,PRES_92743549
xH2Ea-8B85Y,https://www.youtube.com/watch?v=xH2Ea-8B85Y,Евграфов Д.А. (Москва) Суфизм в Индии: истоки и течения.,2021,Искусство протеста. Политический театр в Индии: истоки и развитие,Рыжакова Светлана Игоревна,0.474,needs_review,PRES_16a85c6f
ehKc94g2bzs,https://www.youtube.com/watch?v=ehKc94g2bzs,Ерченков О. Н. (Горный Алтай) Кула и кауладхарма: центральная универсалия индуистского тантризма.,2020,О телесном и духовном бессмертии в индуистском тантризме,Пахомов Сергей Владимирович,0.476,needs_review,PRES_c8c60854
mbZhYseG_NU,https://www.youtube.com/watch?v=mbZhYseG_NU,"А.С. Крылова, Е.А. Ренковская (Москва). Поэзия народов мунда.",2026,Седукова Надежда Александровна,Мотылёва Вера Леонидовна,0.477,needs_review,PRES_1eff61cd
gF0QyRm1lj0,https://www.youtube.com/watch?v=gF0QyRm1lj0,Донченко С.С. (СПб) Три системы бенгальского стихосложения.,2013,«Открытие Индии» сквозь призму традиционного текста: опыт мыслителей Бенгальского Возрождения,Скороходова Татьяна Григорьевна,0.483,needs_review,PRES_1011742b
lwjdVzRtHpM,https://www.youtube.com/watch?v=lwjdVzRtHpM,Лобанов С. В. (Москва) Монистический теизм (адвайта-ишваравада) Абхинавагупты.,2007,Лингвофилософское в «Пара-тримшика-виварана» Абхинавагупты,А. А. Мехакян,0.488,needs_review,PRES_6459c210
UZKA1AnQLfo,https://www.youtube.com/watch?v=UZKA1AnQLfo,Васильков Я. В. Индийская притча о «человеке в колодце» в творчестве Л.Н. Толстого,2021,Ведийский санскрит и индийская философия в творчестве композитора А. Н. Скрябина*,Мехакян Арег Гайкович,0.49,needs_review,PRES_5de5eddb
UHoDhzUraoY,https://www.youtube.com/watch?v=UHoDhzUraoY,Лысенко В.Г. (Москва) Как лучше представить западному читателю историю индийской философии.,2019,О предмете индийской философии,Лысенко Виктория Георгиевна,0.496,needs_review,PRES_3a71190f
HKPVeyX-ZnQ,https://www.youtube.com/watch?v=HKPVeyX-ZnQ,Гордийчук Николай Валентинович (Москва). Эстетика комического в поэме «Kaliṅkattupparaṇi»,2022,Смысл,Гордийчук Николай Валентинович,0.5,needs_review,PRES_ffcefc80
HKPVeyX-ZnQ,https://www.youtube.com/watch?v=HKPVeyX-ZnQ,Гордийчук Николай Валентинович (Москва). Эстетика комического в поэме «Kaliṅkattupparaṇi»,2022,Смысл,Гордийчук Николай Валентинович,0.5,needs_review,PRES_ffcefc80
HKPVeyX-ZnQ,https://www.youtube.com/watch?v=HKPVeyX-ZnQ,Гордийчук Николай Валентинович (Москва). Эстетика комического в поэме «Kaliṅkattupparaṇi»,2022,Смысл,Гордийчук Николай Валентинович,0.5,needs_review,PRES_ffcefc80
3EGajKOPdqE,https://www.youtube.com/watch?v=3EGajKOPdqE,Дружинин В.Ю. О толковании первой строфы «Аштанга-хридаи»,2020,"О толковании первой строфы «Аштанга-хридаи» средневековыми комментаторами (на примере Арунадатты, Хемадри и Инду)",Дружинин Владимир Юрьевич,0.506,needs_review,PRES_2e3998d2
g0S_SoCjdwI,https://www.youtube.com/watch?v=g0S_SoCjdwI,Леонов М.В. (Москва) Образ времени в поэзии Бхартрихари.,2013,Образ Кришны в поэзии Миры Баи,Цветкова Светлана Олеговна,0.512,needs_review,PRES_55f326f0
V9h922k2Rtw,https://www.youtube.com/watch?v=V9h922k2Rtw,Смирнитская Анна Александровна (Москва). Терминология родства в гондванских языках,2018,Семантика терминологии родства в малых дравидийских языках: когнитивные аспекты,Смирнитская Анна Александровна,0.535,needs_review,PRES_92743549
UVG1oDgA6yU,https://www.youtube.com/watch?v=UVG1oDgA6yU,"Парибок А.В. (Москва) Развертка, свертка и смысл в индийской философии.",2019,О предмете индийской философии,Лысенко Виктория Георгиевна,0.542,needs_review,PRES_3a71190f
BryP3pcV5Aw,https://www.youtube.com/watch?v=BryP3pcV5Aw,Демченко Максим Борисович Москва  Према Рамаяна и Шри Ситарама чаритра дарпана как примеры Рамаян XX,2025,Према Рамаяна и Шри Ситарама-чаритра-дарпана как примеры Рамаян XX века в контексте современной литературы на бходжпури и майтхили,Демченко Максим Борисович,0.559,auto,PRES_6c62b44e
515mkJYnLlg,https://www.youtube.com/watch?v=515mkJYnLlg,Малютин И.И. (СПб) Четыре вида непосредственного восприятия в «Капле логики» Дхармакирти.,2007,В чем непосредственность непосредственного восприятия в буддийской эпистемологии?,Лысенко Виктория Георгиевна,0.564,auto,PRES_5cfe0fee
MxE72XyRlZU,https://www.youtube.com/watch?v=MxE72XyRlZU,Рыбакова Анна Геннадьевна (Москва). Ритуалы божественной старости в неварском буддизме.,2021,«Давай поженимся»: Свадебные ритуалы в неварском буддизме*,Рыбакова Анна Геннадьевна,0.569,auto,PRES_e80ee490
cFLTV3KZUYM,https://www.youtube.com/watch?v=cFLTV3KZUYM,Костина Екатерина Александровна (Санкт-Петербург). Дискурсивные слова в языке хинди,2020,Дискурсивные слова в языке хинди,Костина Екатерина Александровна,0.571,auto,PRES_7f1d609f
PsPoo3WPXyY,https://www.youtube.com/watch?v=PsPoo3WPXyY,Жукова Л. Е. (Мск) Телеологический аргумент в пользу существования Бога в учении Свами Вивекананды.,2025,Особенности толкования Нового Завета в учении Свами Вивекананды,Жукова Любовь Евгеньевна,0.573,auto,PRES_e194bcad
ziuJevNqUAY,https://www.youtube.com/watch?v=ziuJevNqUAY,Е.К. Бросалина (Санкт-Петербург). Структура «Чарья-гити».,2025,Еще раз о структуре Чарьягити,Лекарева Ева Павловна,0.582,auto,PRES_10e9fdea
JJhQwiKLetE,https://www.youtube.com/watch?v=JJhQwiKLetE,Волошина Оксана Анатольевна (Москва). Фоносемантическая структура ведийского текста,2020,Фоносемантическая структура ведийского текста (на  примере гимна Ригведы I.7),Волошина Оксана Анатольевна,0.584,auto,PRES_9e95747a
Tr0wH8EonoI,https://www.youtube.com/watch?v=Tr0wH8EonoI,"Александрова Наталия Владимировна Москва  Начальный сюжет в житийной литературе раннего буддизма, ег",2025,"Начальный сюжет в житийной литературе раннего буддизма, его вариативность и смысловое наполнение",Александрова Наталия Владимировна,0.591,auto,PRES_3204914a
JRa-UfS_AWM,https://www.youtube.com/watch?v=JRa-UfS_AWM,Блиндерман Радха Тимуровна (Кембридж). Санскритские наречия в трудах бенгальских грамматистов,2020,Санскритские наречия в трудах бенгальских грамматистов (Дживы Госвамина и Баларамы Панчананы),Блиндерман Радха Тимуровна,0.597,auto,PRES_984b6c35
PwLF0kENJjQ,https://www.youtube.com/watch?v=PwLF0kENJjQ,Лемешкина К. В. (Санкт-Петербург). Интерпретация кровавых событий раздела Индии и Пакистана,2020,Интерпретация кровавых событий раздела Индии и Пакистана в романе Кхушванта Сингха «Поезд в Пакистан»,Лемешкина Ксения Вячеславовна,0.605,auto,PRES_90ffdf5f
5GjkwpG1v9A,https://www.youtube.com/watch?v=5GjkwpG1v9A,Лапшин Иван Евгеньевич (Москва). Понятие религиозного инклюзивизма у П. Хакера,2020,Понятие религиозного инклюзивизма,Лапшин Иван Евгеньевич,0.617,auto,PRES_9a736400
SCEaOZy7bR4,https://www.youtube.com/watch?v=SCEaOZy7bR4,Вигасин Алексей Алексеевич Москва  К интерпретации Ригведы  śiśnadevāḥ онлайн,2025,К интерпретации Ригведы: śiśnadevāḥ,Вигасин Алексей Алексеевич,0.624,auto,PRES_399cdeef
BLOf6OyiN7w,https://www.youtube.com/watch?v=BLOf6OyiN7w,"Коробов Владимир Борисович (Вильнюс, Литва) Абхидхарма как когнитивная стратегия",2020,Абхидхарма как когнитивная стратегия,Коробов Владимир Борисович,0.637,auto,PRES_c86a68e6
1v7Xz_Pu33U,https://www.youtube.com/watch?v=1v7Xz_Pu33U,Крылова А.С. (Москва) Новые индоарийские этимологии лексики языка куллуи.,2025,Новые древнеиндийские праформы на материале этимологий лексики языка куллуи,Крылова Анастасия Сергеевна,0.639,auto,PRES_0bcc3a4b
7R_EPJQ-zw0,https://www.youtube.com/watch?v=7R_EPJQ-zw0,Зимина Татьяна Александровна (Санкт-Петербург). Об особенностях традиционной пищи веддов,2020,Об особенностях традиционной пищи веддов,Зимина Татьяна Александровна,0.64,auto,PRES_3fc8d145
U_kfD5z8nUI,https://www.youtube.com/watch?v=U_kfD5z8nUI,Лысенко Виктория Георгиевна Москва  Опровержение позиции вайшешики Дигнагой  онлайн,2025,Опровержение позиции вайшешики Дигнагой,Лысенко Виктория Георгиевна,0.65,auto,PRES_915c3826
0OaG7ULAtTQ,https://www.youtube.com/watch?v=0OaG7ULAtTQ,Демченко М. Б. История Ситы и Рамы глазами современных индийских поэтов-мистиков,2020,История Ситы и Рамы глазами современных индийских поэтов-мистиков и ее релевантность для современного индийского общества,Демченко Максим Борисович,0.653,auto,PRES_645fd6f2
iZpNScaZX8g,https://www.youtube.com/watch?v=iZpNScaZX8g,Битинайте Елена Алексеевна (Краснодар). М.К. Ганди — неортодоксальный „ортодокс“.,2020,М. К. Ганди — неортодоксальный „ортодокс“,Битинайте Елена Алексеевна,0.654,auto,PRES_c0defb13
vOgU9vCY_VI,https://www.youtube.com/watch?v=vOgU9vCY_VI,Васильков Ярослав Владимирович СПб   Фронт Ройал  Возвращаясь к третьей книге Махабхараты  новый взг,2025,Возвращаясь к третьей книге Махабхараты: новый взгляд,Васильков Ярослав Владимирович,0.662,auto,PRES_ed49433d
ZMgc9ikKEUo,https://www.youtube.com/watch?v=ZMgc9ikKEUo,А.А. Игнатьев (Калининград). Четыре народа в «Йогини-тантре». (XL Зографские чтения),2019,Четыре народа в «Йогини-тантре»,Игнатьев Андрей Александрович,0.674,auto,PRES_716a85d2
g_k-enVyhGw,https://www.youtube.com/watch?v=g_k-enVyhGw,Парибок Андрей Всеволодович (Санкт-Петербург). О сравнениях в индийской философской литературе,2020,О сравнениях в индийской философской литературе,Парибок Андрей Всеволодович,0.681,auto,PRES_8ed6d89e
9jCNZO4vSBs,https://www.youtube.com/watch?v=9jCNZO4vSBs,Бурмистров Сергей Леонидович (Санкт-Петербург) К вопросу об определении понятия apratiṣṭhita-nirvāṇa,2020,К вопросу об определении понятия apratiṣṭhita-nirvāṇa,Бурмистров Сергей Леонидович,0.684,auto,PRES_239a3d46
7zWZZqhSoeY,https://www.youtube.com/watch?v=7zWZZqhSoeY,Бабин Александр Николаевич (Москва). Тханки в собрании И. П. Минаева (МАЭ РАН),2020,Тханки в собрании И. П. Минаева (МАЭ РАН),Бабин Александр Николаевич,0.685,auto,PRES_35c33b02
Td8MIWW8tsQ,https://www.youtube.com/watch?v=Td8MIWW8tsQ,"М. Б. Демченко (Москва), М. Рамдхари (Маврикий). Индийские языки и нарративы на Маврикии",2019,", М. Рамдхари (Маврикий). Индийские языки и нарративы на Маврикии: Рама-катха и поэзия на бходжпури",Демченко Максим Борисович,0.69,auto,PRES_69a9d070
U_n_yIBkkOI,https://www.youtube.com/watch?v=U_n_yIBkkOI,Лекарева Ева Павловна СПб   Еще раз о структуре Чарьягити,2025,Еще раз о структуре Чарьягити,Лекарева Ева Павловна,0.69,auto,PRES_10e9fdea
LhLvKZggWQM,https://www.youtube.com/watch?v=LhLvKZggWQM,Волошина Оксана Анатольевна Москва  Синтез глагольной словоформы в грамматике Панини онлайн,2025,Синтез глагольной словоформы в грамматике Панини,Волошина Оксана Анатольевна,0.696,auto,PRES_4b4fc418
anfWpz9JtWw,https://www.youtube.com/watch?v=anfWpz9JtWw,Десницкая Евгения Алексеевна СПб  Учение санкхьи в «Брихадараньяка упанишаде»,2025,Учение санкхьи в «Брихадараньяка-упанишаде»,Десницкая Евгения Алексеевна,0.696,auto,PRES_a9708bb5
FelMfljL-oc,https://www.youtube.com/watch?v=FelMfljL-oc,Оранская Татьяна Иосифовна СПб  Пещера дивов в сказке на языке парья,2025,Пещера дивов в сказке на языке парья,Оранская Татьяна Иосифовна,0.699,auto,PRES_47a061cf
wKzcnr3C8xo,https://www.youtube.com/watch?v=wKzcnr3C8xo,Смирнитская Анна Александровна Москва О семантических переходах с участием терминов родства в старот,2025,О семантических переходах с участием терминов родства в старотамильском языке,Смирнитская Анна Александровна,0.701,auto,PRES_a5697607
B0SqFor7-LM,https://www.youtube.com/watch?v=B0SqFor7-LM,Смирнитская Анна Александровна Москва О семантических переходах с участием терминов родства в старот,2025,О семантических переходах с участием терминов родства в старотамильском языке,Смирнитская Анна Александровна,0.701,auto,PRES_a5697607
JECHNCYFkFE,https://www.youtube.com/watch?v=JECHNCYFkFE,Гасунс Марцис Юрьевич (Краснодар). Параллельный санскритско-русский корпус,2020,Параллельный санскритско-русский корпус,Гасунс Марцис Юрьевич,0.709,auto,PRES_2abcbb9d
ESYJjN96iKU,https://www.youtube.com/watch?v=ESYJjN96iKU,Комиссаров Дмитрий Алексеевич Москва  Формульное выражение yāvatī yānasya bhūmis в буддийских канони,2025,Формульное выражение yāvatī yānasya bhūmis в буддийских канонических текстах,Комиссаров Дмитрий Алексеевич,0.709,auto,PRES_f2a7d9e5
3RynKVBN60Y,https://www.youtube.com/watch?v=3RynKVBN60Y,Бурмистров Сергей Леонидович СПб  Арьядэва и Чандракирти о концепции anātma,2025,Арьядэва и Чандракирти о концепции anātma,Бурмистров Сергей Леонидович,0.713,auto,PRES_d6f12bb2
pK6i3RrTVpA,https://www.youtube.com/watch?v=pK6i3RrTVpA,Крапивина Раиса Николаевна СПб  Проблемы изучения традиционного индийского текста «Абхисамая аланкар,2025,Проблемы изучения традиционного индийского текста «Абхисамая-аланкара» (на тибетском языке),Крапивина Раиса Николаевна,0.714,auto,PRES_e410fb37
D443p2_z53M,https://www.youtube.com/watch?v=D443p2_z53M,С.С. Донченко (Санкт-Петербург). Современные баулы: мистики или артисты.,2019,Современные баулы: мистики или артисты,Донченко Сергей Сергеевич,0.718,auto,PRES_8190ff79
6m6cxOrUPgQ,https://www.youtube.com/watch?v=6m6cxOrUPgQ,"С.О. Цветкова (Санкт-Петербург). ""Зачин"" в североиндийской поэзии бхакти.",2019,«Зачин» в североиндийской поэзии бхакти,Цветкова Светлана Олеговна,0.718,auto,PRES_deaad289
yVt70DiQ86Y,https://www.youtube.com/watch?v=yVt70DiQ86Y,Корнеева Татьяна Георгиевна (Москва). Индия в воспоминаниях востоковеда В. А. Иванова,2020,Индия в воспоминаниях востоковеда В. А. Иванова,Корнеева Татьяна Георгиевна,0.72,auto,PRES_5b5aeb6a
VGx1cN6Gt5k,https://www.youtube.com/watch?v=VGx1cN6Gt5k,Крылова Анастасия Сергеевна Москва   Новые древнеиндийские праформы на материале этимологий лексики,2025,Новые древнеиндийские праформы на материале этимологий лексики языка куллуи,Крылова Анастасия Сергеевна,0.721,auto,PRES_0bcc3a4b
ephWAga0uMQ,https://www.youtube.com/watch?v=ephWAga0uMQ,Зевацкий Тимофей Юрьевич СПб   Проблема индианизации колониальной армии на страницах индийской пресс,2025,Проблема индианизации колониальной армии на страницах индийской прессы в 1910-х — 1940-х годах,Зевацкий Тимофей Юрьевич,0.726,auto,PRES_7c0797f6
_Wr00RdfdVw,https://www.youtube.com/watch?v=_Wr00RdfdVw,Егорова Мария Александровна Москва  Отражение концепции  нисходящего времени  descending time в Катх,2025,"Отражение концепции ""нисходящего времени"" (descending time) в Катха Упанишаде",Егорова Мария Александровна,0.729,auto,PRES_31d56ce2
NzX9ybf8y70,https://www.youtube.com/watch?v=NzX9ybf8y70,Дубянский Александр Михайлович (Москва). Еще раз к вопросу о теме нейдаль в тамильской поэзии,2020,Еще раз к вопросу о теме нейдаль в тамильской поэзии,Дубянский Александр Михайлович,0.732,auto,PRES_cc82f7a0
fDfgqQSui2E,https://www.youtube.com/watch?v=fDfgqQSui2E,Лидова Наталья Ростиславовна Москва  О понятиях «канон» и «классика» в контексте древнеиндийской лит,2025,О понятиях «канон» и «классика» в контексте древнеиндийской литературы,Лидова Наталья Ростиславовна,0.733,auto,PRES_302dd754
_eEFdrzltmY,https://www.youtube.com/watch?v=_eEFdrzltmY,Уланский Евгений Александрович (Москва). Пример использования пари-бхаш при прочтении сутр Панини,2020,Пример использования парибхаш при прочтении сутр Панини,Уланский Евгений Александрович,0.738,auto,PRES_f993b05a
MEDa4O9fN_s,https://www.youtube.com/watch?v=MEDa4O9fN_s,"Псху Р.В. К изданию (посмертному) полного перевода В.С. Семенцовым ""Гитабхашьи"" Рамануджи",2020,К (посмертному) изданию полного перевода (В. С. Семенцова) «Гитабхашьи» Рамануджи на русском языке,Псху Рузана Владимировна,0.74,auto,PRES_bf0d3084
rKrSz-Zo5yQ,https://www.youtube.com/watch?v=rKrSz-Zo5yQ,С.С.Тавастшерна (Санкт-Петербург). Атхарваведа 1.2. (Шаунака): дополнение к переводам.,2019,Атхарваведа 1.2. (Шаунака): дополнение к переводам,Тавастшерна Сергей Сергеевич,0.742,auto,PRES_9a04de16
BiB62h4h8nA,https://www.youtube.com/watch?v=BiB62h4h8nA,Серебряный Сергей Дмитриевич (Москва). «Мини-Бхагавадгита» в четвертой «книге» «Рамаяны» Вальмики,2020,«Мини-Бхагавадгита» в четвертой «книге» «Рамаяны» Вальмики,Серебряный Сергей Дмитриевич,0.743,auto,PRES_017ea095
PlvJyWtPdnY,https://www.youtube.com/watch?v=PlvJyWtPdnY,Иванов Владимир Павлович СПб Метафора зеркала в «Бхаванакраме» Камалашилы,2025,Метафора зеркала в «Бхаванакраме» Камалашилы,Иванов Владимир Павлович,0.743,auto,PRES_08c3b99e
JOEpCQDSqns,https://www.youtube.com/watch?v=JOEpCQDSqns,Лысенко Виктория Георгиевна (Москва). Великая галлюцинация сознания по «Вимшике» Васубандху.,2020,Великая галлюцинация сознания по «Вимшике» Васубандху,Лысенко Виктория Георгиевна,0.745,auto,PRES_a8ddef00
1LYgxkrB2gU,https://www.youtube.com/watch?v=1LYgxkrB2gU,"Гасунс М.Ю. (Краснодар). Голубые лотосы санскритской лексикографии (Зографские чтения, 2021)",2021,Голубые лотосы санскритской лексикографии*,Гасунс Марцис Юрьевич,0.759,auto,PRES_d781ba1a
F90AAIB5uzQ,https://www.youtube.com/watch?v=F90AAIB5uzQ,Стрельцова Лилия Александровна СПб   Социально политический контекст романов Даймонд Шамшера Рана,2025,Социально-политический контекст романов Даймонд Шамшера Рана,Стрельцова Лилия Александровна,0.761,auto,PRES_3579f0ba
x4xhukwzkAg,https://www.youtube.com/watch?v=x4xhukwzkAg,Стрельцова Лилия Александровна СПб   Социально политический контекст романов Даймонд Шамшера Рана,2025,Социально-политический контекст романов Даймонд Шамшера Рана,Стрельцова Лилия Александровна,0.761,auto,PRES_3579f0ba
KLefVWmwwI4,https://www.youtube.com/watch?v=KLefVWmwwI4,Тавастшерна Сергей Сергеевич СПб  В защиту Вишну Шипивишты  «Аз есьм Шипивишта!» РВ 7 100 6,2025,В защиту Вишну Шипивишты: «Аз есьм Шипивишта!» (РВ 7.100.6),Тавастшерна Сергей Сергеевич,0.763,auto,PRES_1ff33528
_lEO_jFsFvs,https://www.youtube.com/watch?v=_lEO_jFsFvs,Мехакян Арег Гайкович (Москва). О некоторых особенностях языка «Калачакра-тантры»,2020,О некоторых особенностях языка «Калачакра-тантры»,Мехакян Арег Гайкович,0.764,auto,PRES_1a055802
Choawymmx54,https://www.youtube.com/watch?v=Choawymmx54,"Краснодембская Н.Г., Соболева Е.С. Д.Д. Руднев как радетель пополнения коллекций МАЭ РАН",2020,Д. Д. Руднев как радетель пополнения коллекций МАЭ РАН,Соболева Елена Станиславовна / Краснодембская Нина Георгиевна,0.765,auto,PRES_ed6fb574
RS0K_oSaBPc,https://www.youtube.com/watch?v=RS0K_oSaBPc,Кузина Елизавета Олеговна (Москва). «Индийская „игра знания“: один эпизод культурного трансфера».,2020,«Индийская „игра знания“: один эпизод культурного трансфера»,Кузина Елизавета Олеговна,0.769,auto,PRES_79ac3c3e
TAA73pshkmI,https://www.youtube.com/watch?v=TAA73pshkmI,Ковалевская Анна Петровна (Гамбург). Традиции и ритуалы почитания манускриптов в писаниях шайва.,2020,Традиции и ритуалы почитания манускриптов в писаниях шайва,Ковалевская Анна Петровна,0.773,auto,PRES_c2a70afa
3HxVhiyruVg,https://www.youtube.com/watch?v=3HxVhiyruVg,Сабирова Римма Наилевна Казань  Восхождение Урмилы в поэме Майтхилишарана Гупты «Сакет»,2025,Восхождение Урмилы в поэме Майтхилишарана Гупты «Сакет»,Сабирова Римма Наилевна,0.774,auto,PRES_88ecc272
0MTHwqREirI,https://www.youtube.com/watch?v=0MTHwqREirI,Сабирова Римма Наилевна Казань  Восхождение Урмилы в поэме Майтхилишарана Гупты «Сакет»,2025,Восхождение Урмилы в поэме Майтхилишарана Гупты «Сакет»,Сабирова Римма Наилевна,0.774,auto,PRES_88ecc272
yLQNn4NodX8,https://www.youtube.com/watch?v=yLQNn4NodX8,Гладкова Анна Геннадьевна СПб  Анализ переводов М  Зощенко на хинди и на бенгали с помощью метрик re,2025,Анализ переводов М. Зощенко на хинди и на бенгали с помощью метрик readability,Гладкова Анна Геннадьевна,0.777,auto,PRES_a5579399
6hGe_Imo-7U,https://www.youtube.com/watch?v=6hGe_Imo-7U,С.В. Пахомов (Санкт-Петербург). Понятие блаженства (ананды) в индуистском тантризме.,2019,Понятие блаженства (ананды) в индуистском тантризме,Пахомов Сергей Владимирович,0.778,auto,PRES_6446d886
E6QLEL20gqk,https://www.youtube.com/watch?v=E6QLEL20gqk,М. Ю. Гасунс (Краснодар). Двести лет санскритской лексикографии (1819-2019) (XL Зографские чтения),2019,Двести лет санскритской лексикографии (1819‒2019),Гасунс Марцис Юрьевич,0.78,auto,PRES_93f10a62
kWqQ5gOmRtE,https://www.youtube.com/watch?v=kWqQ5gOmRtE,"Куликов Леонид Игоревич Гент Ведийский гапакс batá  и частица bata   vata  семантика, контекст, этим",2025,"Ведийский гапакс batá- и частица bata / vata: семантика, контекст, этимология",Куликов Леонид Игоревич,0.783,auto,PRES_5025916e
BlDvpKESqmc,https://www.youtube.com/watch?v=BlDvpKESqmc,Шохин Владимир Кириллович Москва  «Третий поворот колеса дхармы» и его первые брахманистские оппонен,2025,«Третий поворот колеса дхармы» и его первые брахманистские оппоненты,Шохин Владимир Кириллович,0.785,auto,PRES_7b6229c9
-dKymK1eJ58,https://www.youtube.com/watch?v=-dKymK1eJ58,Челнокова Анна Витальевна СПб  Метафора воды как сюжетообразующий прием романа Абрахама Вергезе «Зав,2025,Метафора воды как сюжетообразующий прием романа Абрахама Вергезе «Завет воды»,Челнокова Анна Витальевна,0.786,auto,PRES_c9ae2b64
XuNg9qqSDQI,https://www.youtube.com/watch?v=XuNg9qqSDQI,Челнокова Анна Витальевна СПб  Метафора воды как сюжетообразующий прием романа Абрахама Вергезе «Зав,2025,Метафора воды как сюжетообразующий прием романа Абрахама Вергезе «Завет воды»,Челнокова Анна Витальевна,0.786,auto,PRES_c9ae2b64
26QDJdLX9og,https://www.youtube.com/watch?v=26QDJdLX9og,"Т.Г. Скороходова (Пенза). ""Религия Человека"": свобода в философствовании Рабиндраната Тагора",2019,«Религия Человека»: свобода и традиция в философствовании Рабиндраната Тагора,Скороходова Татьяна Григорьевна,0.792,auto,PRES_ca6a3e75
HUnG-58X5-o,https://www.youtube.com/watch?v=HUnG-58X5-o,Ермакова Татьяна Викторовна СПб  Сесил Бендалл как публикатор буддийских письменных памятников,2025,Сесил Бендалл как публикатор буддийских письменных памятников,Ермакова Татьяна Викторовна,0.792,auto,PRES_25dff04f
bZ884WoyOKo,https://www.youtube.com/watch?v=bZ884WoyOKo,Vishnu Shukla (Санкт-Петербург). Work of Patañjali on Yoga Philosophy and Sanskrit Vyākaraṇa,2020,Work of Patañjali on Yoga Philosophy and Sanskrit Vyākaraṇa,Vishnu Shukla,0.797,auto,PRES_d32974f4
3nCPdlDYDms,https://www.youtube.com/watch?v=3nCPdlDYDms,Пахомов Сергей Владимирович. О телесном и духовном бессмертии в индуистском тантризме,2020,О телесном и духовном бессмертии в индуистском тантризме,Пахомов Сергей Владимирович,0.8,auto,PRES_c8c60854
GgqAJyqgDR4,https://www.youtube.com/watch?v=GgqAJyqgDR4,Н.В. Гордийчук (Москва). «Сумеречный язык» в поэзии тамильских сиддхов.,2019,«Сумеречный язык» в поэзии тамильских сиддхов,Гордийчук Николай Валентинович,0.804,auto,PRES_eb41e153
rAEXowwmjjg,https://www.youtube.com/watch?v=rAEXowwmjjg,Яковлева Мария Николаевна СПб   Образ вишаканья в художественной культуре древней и средневековой Ин,2025,Образ вишаканья в художественной культуре древней и средневековой Индии,Яковлева Мария Николаевна,0.805,auto,PRES_b3503f3e
1afmylFcvY4,https://www.youtube.com/watch?v=1afmylFcvY4,Яковлева Мария Николаевна СПб   Образ вишаканья в художественной культуре древней и средневековой Ин,2025,Образ вишаканья в художественной культуре древней и средневековой Индии,Яковлева Мария Николаевна,0.805,auto,PRES_b3503f3e
gPaPetQ5JPM,https://www.youtube.com/watch?v=gPaPetQ5JPM,О.А. Волошина (Москва). Санскритские очки европейской лингвистики XIX века (XL Зографские чтения),2019,Санскритские очки европейской лингвистики XIX века,Волошина Оксана Анатольевна,0.813,auto,PRES_17e1701e
C62rJKuqSnE,https://www.youtube.com/watch?v=C62rJKuqSnE,Ермакова Татьяна Викторовна. Очаги обнаружения санскритских рукописей на территории Тибета.,2020,Очаги обнаружения санскритских рукописей на территории Тибета,Ермакова Татьяна Викторовна,0.813,auto,PRES_297e9876
1oAIpL_c4k8,https://www.youtube.com/watch?v=1oAIpL_c4k8,А.М. Дубянский (Москва). Прием лейтмотива в классической индийской поэзии.,2019,Прием лейтмотива в классической индийской поэзии,Дубянский Александр Михайлович,0.821,auto,PRES_4767aea3
6ODttidAwgI,https://www.youtube.com/watch?v=6ODttidAwgI,"Крылова А. С., Ренковская Е. А. Онлайн-корпус текстов на языках южных мунда: задачи и специфика",2020,Онлайн-корпус текстов на языках южных мунда: задачи и специфика,Ренковская Евгения Алексеевна / Крылова Анастасия Сергеевна,0.821,auto,PRES_6ac242a8
pwrSUgFlqcM,https://www.youtube.com/watch?v=pwrSUgFlqcM,Островская Елена Петровна СПб  Наука абхидхармы в буддийской ментальной традиции средневековой Индии,2025,Наука абхидхармы в буддийской ментальной традиции средневековой Индии,Островская Елена Петровна,0.821,auto,PRES_314eda25
8xR5XOPg2YQ,https://www.youtube.com/watch?v=8xR5XOPg2YQ,А.В. Зорин (Санкт-Петербург). Индийские и тибетские лингвистические штудии Д. Г. Мессершмидта,2019,Индийские и тибетские лингвистические штудии Д. Г. Мессершмидта,А. В. Зорин,0.824,auto,PRES_c97e7b0e
ZZNTgPua1tY,https://www.youtube.com/watch?v=ZZNTgPua1tY,Е.А. Уланский  (Москва). Парибхаша  -  интерпретационные правила грамматики Панини,2019,Парибхаша  —  интерпретационные правила грамматики Панини,Уланский Евгений Александрович,0.828,auto,PRES_1db7ff49
sPTf2oBDn7c,https://www.youtube.com/watch?v=sPTf2oBDn7c,Островская Е. П. Трактовка состояний удрученности и умопомешательства в буддийских источниках,2020,Трактовка состояний удрученности и умопомешательства в буддийских экзегетических источниках,Островская Елена Петровна,0.835,auto,PRES_28c4ad6a
wWjvuPuJO78,https://www.youtube.com/watch?v=wWjvuPuJO78,Ерченков Олег Николаевич. Техническая терминология тантрийской йоги в «Виджняна Бхайрава тантре»,2020,Техническая терминология тантрийской йоги в «Виджняна Бхайрава тантре»,Ерченков Олег Николаевич,0.845,auto,PRES_db1a99ac
HF0630FdIfo,https://www.youtube.com/watch?v=HF0630FdIfo,Сафина Наталья Алексеевна. О философской и религиозной значимости некоторых текстов Веданта Дешики,2020,О философской и религиозной значимости некоторых текстов Веданта Дешики,Сафина Наталья Алексеевна,0.845,auto,PRES_6fe3a45e
RmK8B20-gfo,https://www.youtube.com/watch?v=RmK8B20-gfo,Сабирова Римма Наилевна. Индийский мифологический сериал как средство идеологической пропаганды.,2020,Индийский мифологический сериал как средство идеологической пропаганды,Сабирова Римма Наилевна,0.854,auto,PRES_d54c150c
P9iOwncHqBg,https://www.youtube.com/watch?v=P9iOwncHqBg,Вечерина Ольга Павловна. Тело бхакта и тело Шивы: о проблемах телесности в тамильском шайва-бхакти,2020,Тело бхакта и тело Шивы: о проблемах телесности в тамильском шайва-бхакти,Вечерина Ольга Павловна,0.857,auto,PRES_627488af
yAXJtALS5Mw,https://www.youtube.com/watch?v=yAXJtALS5Mw,Белов В. Н. (Москва). Абсолютная встреча как феномен трансцендентальной герменевтики Г. Оберхаммера.,2020,Абсолютная встреча как феномен трансцендентальной герменевтики Г. Оберхаммера,Белов Владимир Николаевич,0.899,auto,PRES_c06c55d2
HK3j9S0ibio,https://www.youtube.com/watch?v=HK3j9S0ibio,Шохин В. К. (Москва). Так называемый парадокс беллетристики и подсказки от компаративной онтологии,2020,Так называемый парадокс беллетристики и подсказки от компаративной онтологии,Шохин Владимир Кириллович,0.899,auto,PRES_e20c11de
gFgY9bMDR-Y,https://www.youtube.com/watch?v=gFgY9bMDR-Y,Терентьев А. А. Текущие переводческие проекты Фонда «Сохраним Тибет!» и изд-ва «Нартанг»,2020,Текущие переводческие проекты Фонда «Сохраним Тибет!» и изд-ва «Нартанг»,Терентьев Андрей Анатольевич,0.905,auto,PRES_01ee38e2
82ifgU5wGzk,https://www.youtube.com/watch?v=82ifgU5wGzk,Десницкая Е. А. Инклюзивизм как концептуальное средство для изучения индийской культуры,2020,Инклюзивизм как концептуальное средство для изучения индийской культуры,Десницкая Евгения Алексеевна,0.91,auto,PRES_7feb8ccd
fRLisVdIIQk,https://www.youtube.com/watch?v=fRLisVdIIQk,Рыжакова С.И. Танцы с сосудами и вокруг. Гарба Гуджарата и сходные обряды и представления Южной Азии,2020,Танцы с сосудами и вокруг. Гарба Гуджарата и сходные обряды и представления Южной Азии,Рыжакова Светлана Игоревна,0.929,auto,PRES_aa77a44b
BSgUPZ3eZns,https://www.youtube.com/watch?v=BSgUPZ3eZns,Крыштоп Л. Э. Г. Оберхаммер и проблема исследования когнитивного потенциала религиозного опыта.,2020,Г. Оберхаммер и проблема исследования когнитивного потенциала религиозного опыта,Крыштоп Людмила Эдуардовна,0.929,auto,PRES_437a467f
