PersonID,DisplayName,ZografTalks,FirstYearSeen,LastYearSeen
PERS_1a097e52,Парибок Андрей Всеволодович,13,2006,2026
PERS_829c1de5,Васильков Ярослав Владимирович,12,2006,2026
PERS_3e105f43,Игнатьев Андрей Александрович,12,2004,2026
PERS_003adcfe,Псху Рузана Владимировна,12,2007,2026
PERS_56508328,Десницкая Евгения Алексеевна,11,2006,2026
PERS_9a855a7b,Альбедиль Маргарита Федоровна,10,2011,2026
PERS_c48611e0,Островская Елена Петровна,10,2007,2025
PERS_a0264ac5,Бурмистров Сергей Леонидович,9,2013,2026
PERS_260a598a,Пахомов Сергей Владимирович,9,2007,2025
PERS_3357f25b,Скороходова Татьяна Григорьевна,9,2011,2026
PERS_5d34c947,Волошина Оксана Анатольевна,8,2014,2026
PERS_7542d270,Демченко Максим Борисович,8,2018,2026
PERS_fb25c80f,Ермакова Татьяна Викторовна,8,2007,2026
PERS_c5677a3f,А. В. Зорин,7,2006,2019
PERS_23215083,М. Н. Русанов,7,2004,2019
PERS_db046be0,Сабирова Римма Наилевна,7,2018,2026
PERS_f19cd8a1,Котин Игорь Юрьевич,6,2011,2026
PERS_bc97fb65,Краснодембская Нина Георгиевна,6,2011,2023
PERS_f8ab5755,Оранская Татьяна Иосифовна,6,2010,2026
PERS_287fe378,Рыбакова Анна Геннадьевна,6,2019,2026
PERS_a84aedaa,Шомахмадов Сафарали Хайбуллоевич,6,2011,2026
PERS_c6bbcef3,Битинайте Елена Алексеевна,5,2018,2025
PERS_dd7de77e,Е. К. Бросалина,5,2006,2019
PERS_7eb0dc30,Зимина Татьяна Александровна,5,2013,2020
PERS_22d87263,Костина Екатерина Александровна,5,2013,2022
PERS_0c451d76,Лобанов Сергей Владимирович,5,2012,2026
PERS_92f293f8,П. В. Хрущева,5,2011,2018
PERS_91b473b1,Челнокова Анна Витальевна,5,2011,2026
PERS_8108c314,Ерченков Олег Николаевич,4,2012,2022
PERS_6e211759,Иванов Владимир Павлович,4,2012,2026
PERS_2a2e5602,Коровина Евгения Владимировна,4,2019,2026
PERS_5e2a5a5c,Столярова Екатерина Владимировна,4,2018,2025
PERS_7f908d49,Стрельцова Лилия Александровна,4,2012,2025
PERS_d218805b,В. Ю. Крюкова,3,2012,2022
PERS_69750b7c,В. Н. Мазурина,3,2013,2018
PERS_f940c5b3,Г. В. Стрелкова,3,2004,2012
PERS_8df3730a,Донченко Сергей Сергеевич,3,2013,2025
PERS_bcaec2d8,Дружинин Владимир Юрьевич,3,2020,2022
PERS_b2c121e9,Е. Н. Успенская,3,2006,2011
PERS_f56c5a7e,Жукова Любовь Евгеньевна,3,2022,2025
PERS_0fd718a7,К. М. Воздиган,3,2012,2014
PERS_cb52ebc2,Лемешкина Ксения Вячеславовна,3,2020,2026
PERS_01aafd44,Сафина Наталья Алексеевна,3,2018,2021
PERS_3d3b302d,Соболева Дарья Валерьевна,3,2007,2026
PERS_6441d568,Соболева Елена Станиславовна,3,2020,2026
PERS_28317057,Т. А. Дубянская,3,2004,2007
PERS_ba81468a,Ю. Г. Кокова,3,2006,2018
PERS_b881461b,Яковлева Мария Николаевна,3,2019,2026
PERS_b62a9567,А. Ю. Курочкин,2,2018,2019
PERS_37d557c2,Анисимова Дарья Дмитриевна,2,2025,2026
PERS_10547db9,Б. В. Загуменнов,2,2006,2012
PERS_18fcab2a,Блиндерман Радха Тимуровна,2,2020,2021
PERS_7700f517,Д. О. Парамонов,2,2010,2011
PERS_35c57654,Егорова Мария Александровна,2,2025,2026
PERS_9e9c9566,Лекарева Ева Павловна,2,2025,2026
PERS_8df81b6d,Лужинская Полина Александровна,2,2025,2026
PERS_50c46233,Маретина Ксения Александровна,2,2012,2025
PERS_b76851a7,Митруев Б. Л.,2,2021,2022
PERS_2c40b9b1,Н. В. Гуров,2,2006,2007
PERS_e5a5ac24,С. Л. Невелева,2,2006,2011
PERS_3074a8e5,Терентьев Андрей Анатольевич,2,2013,2020
PERS_310b2911,Толчельников Иван Евгеньевич,2,2025,2026
PERS_c31236d2,Ю. Е. Березкин,2,2011,2014
PERS_bf91d4b8,Ю. А. Уймина,2,2018,2019
PERS_26c3214a,Christian Lindtner,1,2014,2014
PERS_cb967ae4,Harjender Singh Chaudhary,1,2026,2026
PERS_856eb5c6,Vishnu Shukla,1,2020,2020
PERS_3d22e8d4,А. М. Стрелков,1,2007,2007
PERS_180c5e5c,А. В. Арапов,1,2014,2014
PERS_f1a308b7,Абинякин Владимир Александрович,1,2026,2026
PERS_4a0de87e,Белимова Влада Сергеевна,1,2026,2026
PERS_61de659d,Белов Владимир Николаевич,1,2020,2020
PERS_d01427ca,Бещук Юлия Владимировна,1,2026,2026
PERS_9bf51055,В. М. Шелкович,1,2006,2006
PERS_e4aab278,Возчиков Дмитрий Викторович,1,2026,2026
PERS_42da4866,Г. Д. Стукалин,1,2019,2019
PERS_51524b11,Гладкова Анна Геннадьевна,1,2025,2025
PERS_44440578,Грановская Хелена,1,2026,2026
PERS_e30ad8b7,Д.С. Гавриков,1,2022,2022
PERS_5f6689e8,Дмитриева Виктория Алексеевна,1,2025,2025
PERS_c2ffc606,Драчук Андрей Олегович,1,2026,2026
PERS_2b7ca933,Е. В. Танонова,1,2011,2011
PERS_3d4df70f,Е. О. Акимушкина,1,2012,2012
PERS_6f89f9c1,Е. Р. Крючкова,1,2006,2006
PERS_30b54681,Е. С. Бушуев,1,2011,2011
PERS_6b867946,Е. В. Смирнова,1,2014,2014
PERS_3fd690ee,Е. Л. Комиссарук,1,2018,2018
PERS_bdaaf440,Е.В.Слинько,1,2004,2004
PERS_94f33410,Застрожнова Евгения Григорьевна,1,2026,2026
PERS_900efc73,Зевацкий Тимофей Юрьевич,1,2025,2025
PERS_35a30342,И. О. Негреев,1,2018,2018
PERS_a1484b38,Кавалевская А. П.,1,2021,2021
PERS_92f41884,Касым Софья Васильевна,1,2026,2026
PERS_fb73fb38,Кешарпу Екатерина Витальевна,1,2026,2026
PERS_467d4dbb,Клебанов А. А.,1,2021,2021
PERS_5331196d,Ковалевская Анна Петровна,1,2020,2020
PERS_af811d47,Корнеева Татьяна Георгиевна,1,2020,2020
PERS_e96139bd,Коробов Владимир Борисович,1,2020,2020
PERS_f5a69b65,Кройцер Светлана Александровна,1,2025,2025
PERS_9366fe2c,Крыштоп Людмила Эдуардовна,1,2020,2020
PERS_40f75cf9,Л.Г. Роман,1,2022,2022
PERS_29607432,Лапшин Иван Евгеньевич,1,2020,2020
PERS_07adc1e6,Лейтан Эдгар Зигфридович,1,2023,2023
PERS_47ad46f1,М. А. Родионов,1,2011,2011
PERS_96b8b195,М. Н. Боголюбов,1,2006,2006
PERS_a901d460,М. А. Фаградян,1,2019,2019
PERS_34c0d384,М. Б. Павлова,1,2014,2014
PERS_00c3b0cc,М.Б. Щербак,1,2022,2022
PERS_05707a8e,М.Б.Загорулько,1,2004,2004
PERS_68e9019d,Малютин Иван Иванович,1,2023,2023
PERS_ce100d3f,Мария Шилинскене,1,2014,2014
PERS_7d6f456c,Мотылёва Вера Леонидовна,1,2026,2026
PERS_cac87738,Н. В. Гузеватая,1,2019,2019
PERS_26ce5ec1,Нина Будзишевска,1,2014,2014
PERS_2e00cb36,О. Н. Меренкова,1,2018,2018
PERS_37bb2d43,Покатилов Сергей Андреевич,1,2025,2025
PERS_23abae7d,Пушкарева Юлия Георгиевна,1,2026,2026
PERS_2c9b38ec,С. В. Ватман,1,2007,2007
PERS_4ebb20aa,С. В. Кардинская,1,2012,2012
PERS_f82b6a8e,Сенина Наталья Викторовна,1,2025,2025
PERS_a0f3d86d,Сергеева Варвара Алексеевна,1,2026,2026
PERS_1130c736,Серебряный Сергей Дмитриевич,1,2020,2020
PERS_58e18506,Соколова Ирина Александровна,1,2026,2026
PERS_5bbfea37,Т. Т. Скороходова,1,2006,2006
PERS_168a3a8b,Усенко Иван Сергеевич,1,2026,2026
PERS_936e1165,Файбушевич Светлана Ивановна,1,2026,2026
PERS_a638a4b3,Федорова Наталья Леонидовна,1,2026,2026
PERS_874cbfb7,Шарапова А. В.,1,2021,2021
PERS_23f54085,Э. И. Введенская,1,2019,2019
